Id;País;Ano;Quantidade;Valor
1;Africa do Sul;1970;0;0
2;Alemanha;1970;52297;30498
3;Argélia;1970;0;0
4;Arábia Saudita;1970;0;0
5;Argentina;1970;19525;12260
6;Armênia;1970;0;0
7;Austrália;1970;0;0
8;Áustria;1970;1328;707
9;Bermudas;1970;0;0
10;Bélgica;1970;0;0
11;Bolívia;1970;0;0
12;Bósnia-Herzegovina;1970;0;0
13;Brasil;1970;0;0
14;Bulgária;1970;0;0
15;Canada;1970;0;0
16;Chile;1970;162370;101819
17;China;1970;0;0
18;Coreia do Sul, República;1970;0;0
19;Croácia;1970;0;0
20;Cuba;1970;0;0
21;Emirados Árabes Unidos;1970;0;0
22;Eslovênia;1970;0;0
23;Eslováquia;1970;0;0
24;Espanha;1970;261126;90159
25;Estados Unidos;1970;0;0
26;França;1970;91544;78135
27;Geórgia;1970;0;0
28;Geórgia do Sul e Sandwich do Sul, Ilhas;1970;0;0
29;Grécia;1970;0;0
30;Hong Kong;1970;0;0
31;Hungria;1970;0;0
32;Indonésia;1970;0;0
33;Irlanda;1970;0;0
34;Israel;1970;0;0
35;Itália;1970;58802;32376
36;Japão;1970;0;0
37;Iugoslávia;1970;702;326
38;Líbano;1970;0;0
39;Luxemburgo;1970;0;0
40;Macedônia;1970;0;0
41;Marrocos;1970;0;0
42;México;1970;0;0
43;Moldávia;1970;0;0
44;Montenegro;1970;0;0
45;Noruega;1970;0;0
46;Nova Zelândia;1970;0;0
47;Países Baixos (Holanda);1970;0;0
48;Panamá;1970;0;0
49;Paraguai;1970;0;0
50;Peru;1970;0;0
51;Porto Rico;1970;0;0
52;Portugal;1970;785609;531480
53;Reino Unido;1970;0;0
54;Republica Dominicana;1970;0;0
55;Romênia;1970;0;0
56;Rússia;1970;0;0
57;San Marino;1970;0;0
58;Sérvia;1970;0;0
59;Síria;1970;0;0
60;Suazilândia;1970;0;0
61;Suíça;1970;0;0
62;Tcheca, República;1970;0;0
63;Tunísia;1970;0;0
64;Turquia;1970;0;0
65;Ucrânia;1970;0;0
66;Uruguai;1970;5767;1871
67;Não consta na tabela;1970;0;0
68;Não declarados;1970;0;0
69;Outros;1970;5508;4255
1;Africa do Sul;1971;0;0
2;Alemanha;1971;34606;30498
3;Argélia;1971;0;0
4;Arábia Saudita;1971;0;0
5;Argentina;1971;24942;12260
6;Armênia;1971;0;0
7;Austrália;1971;0;0
8;Áustria;1971;0;707
9;Bermudas;1971;0;0
10;Bélgica;1971;0;0
11;Bolívia;1971;0;0
12;Bósnia-Herzegovina;1971;0;0
13;Brasil;1971;0;0
14;Bulgária;1971;0;0
15;Canada;1971;0;0
16;Chile;1971;74406;101819
17;China;1971;0;0
18;Coreia do Sul, República;1971;0;0
19;Croácia;1971;0;0
20;Cuba;1971;0;0
21;Emirados Árabes Unidos;1971;0;0
22;Eslovênia;1971;0;0
23;Eslováquia;1971;0;0
24;Espanha;1971;140507;90159
25;Estados Unidos;1971;915;0
26;França;1971;88714;78135
27;Geórgia;1971;0;0
28;Geórgia do Sul e Sandwich do Sul, Ilhas;1971;0;0
29;Grécia;1971;0;0
30;Hong Kong;1971;0;0
31;Hungria;1971;0;0
32;Indonésia;1971;0;0
33;Irlanda;1971;0;0
34;Israel;1971;0;0
35;Itália;1971;108409;32376
36;Japão;1971;0;0
37;Iugoslávia;1971;640;326
38;Líbano;1971;0;0
39;Luxemburgo;1971;0;0
40;Macedônia;1971;0;0
41;Marrocos;1971;0;0
42;México;1971;0;0
43;Moldávia;1971;0;0
44;Montenegro;1971;0;0
45;Noruega;1971;0;0
46;Nova Zelândia;1971;0;0
47;Países Baixos (Holanda);1971;0;0
48;Panamá;1971;0;0
49;Paraguai;1971;0;0
50;Peru;1971;0;0
51;Porto Rico;1971;0;0
52;Portugal;1971;897310;531480
53;Reino Unido;1971;0;0
54;Republica Dominicana;1971;0;0
55;Romênia;1971;0;0
56;Rússia;1971;0;0
57;San Marino;1971;0;0
58;Sérvia;1971;0;0
59;Síria;1971;0;0
60;Suazilândia;1971;0;0
61;Suíça;1971;0;0
62;Tcheca, República;1971;0;0
63;Tunísia;1971;0;0
64;Turquia;1971;0;0
65;Ucrânia;1971;0;0
66;Uruguai;1971;1917;1871
67;Não consta na tabela;1971;0;0
68;Não declarados;1971;0;0
69;Outros;1971;77789;4255
1;Africa do Sul;1972;0;0
2;Alemanha;1972;134438;30498
3;Argélia;1972;0;0
4;Arábia Saudita;1972;0;0
5;Argentina;1972;104906;12260
6;Armênia;1972;0;0
7;Austrália;1972;0;0
8;Áustria;1972;353;707
9;Bermudas;1972;0;0
10;Bélgica;1972;0;0
11;Bolívia;1972;0;0
12;Bósnia-Herzegovina;1972;0;0
13;Brasil;1972;0;0
14;Bulgária;1972;0;0
15;Canada;1972;0;0
16;Chile;1972;161736;101819
17;China;1972;0;0
18;Coreia do Sul, República;1972;0;0
19;Croácia;1972;0;0
20;Cuba;1972;0;0
21;Emirados Árabes Unidos;1972;0;0
22;Eslovênia;1972;0;0
23;Eslováquia;1972;0;0
24;Espanha;1972;300582;90159
25;Estados Unidos;1972;2156;0
26;França;1972;176688;78135
27;Geórgia;1972;0;0
28;Geórgia do Sul e Sandwich do Sul, Ilhas;1972;0;0
29;Grécia;1972;0;0
30;Hong Kong;1972;0;0
31;Hungria;1972;0;0
32;Indonésia;1972;0;0
33;Irlanda;1972;0;0
34;Israel;1972;0;0
35;Itália;1972;142196;32376
36;Japão;1972;0;0
37;Iugoslávia;1972;1824;326
38;Líbano;1972;0;0
39;Luxemburgo;1972;0;0
40;Macedônia;1972;0;0
41;Marrocos;1972;0;0
42;México;1972;0;0
43;Moldávia;1972;0;0
44;Montenegro;1972;0;0
45;Noruega;1972;0;0
46;Nova Zelândia;1972;0;0
47;Países Baixos (Holanda);1972;0;0
48;Panamá;1972;0;0
49;Paraguai;1972;0;0
50;Peru;1972;0;0
51;Porto Rico;1972;0;0
52;Portugal;1972;1650727;531480
53;Reino Unido;1972;0;0
54;Republica Dominicana;1972;0;0
55;Romênia;1972;0;0
56;Rússia;1972;0;0
57;San Marino;1972;0;0
58;Sérvia;1972;0;0
59;Síria;1972;0;0
60;Suazilândia;1972;0;0
61;Suíça;1972;0;0
62;Tcheca, República;1972;0;0
63;Tunísia;1972;0;0
64;Turquia;1972;0;0
65;Ucrânia;1972;0;0
66;Uruguai;1972;7394;1871
67;Não consta na tabela;1972;0;0
68;Não declarados;1972;0;0
69;Outros;1972;79052;4255
1;Africa do Sul;1973;0;0
2;Alemanha;1973;111523;30498
3;Argélia;1973;0;0
4;Arábia Saudita;1973;0;0
5;Argentina;1973;116887;12260
6;Armênia;1973;0;0
7;Austrália;1973;0;0
8;Áustria;1973;2310;707
9;Bermudas;1973;0;0
10;Bélgica;1973;0;0
11;Bolívia;1973;0;0
12;Bósnia-Herzegovina;1973;0;0
13;Brasil;1973;0;0
14;Bulgária;1973;0;0
15;Canada;1973;0;0
16;Chile;1973;301559;101819
17;China;1973;0;0
18;Coreia do Sul, República;1973;0;0
19;Croácia;1973;0;0
20;Cuba;1973;0;0
21;Emirados Árabes Unidos;1973;0;0
22;Eslovênia;1973;0;0
23;Eslováquia;1973;0;0
24;Espanha;1973;226805;90159
25;Estados Unidos;1973;0;0
26;França;1973;259060;78135
27;Geórgia;1973;0;0
28;Geórgia do Sul e Sandwich do Sul, Ilhas;1973;0;0
29;Grécia;1973;0;0
30;Hong Kong;1973;0;0
31;Hungria;1973;0;0
32;Indonésia;1973;0;0
33;Irlanda;1973;0;0
34;Israel;1973;0;0
35;Itália;1973;258754;32376
36;Japão;1973;0;0
37;Iugoslávia;1973;1251;326
38;Líbano;1973;0;0
39;Luxemburgo;1973;0;0
40;Macedônia;1973;0;0
41;Marrocos;1973;0;0
42;México;1973;0;0
43;Moldávia;1973;0;0
44;Montenegro;1973;0;0
45;Noruega;1973;0;0
46;Nova Zelândia;1973;0;0
47;Países Baixos (Holanda);1973;0;0
48;Panamá;1973;0;0
49;Paraguai;1973;0;0
50;Peru;1973;0;0
51;Porto Rico;1973;0;0
52;Portugal;1973;2818320;531480
53;Reino Unido;1973;0;0
54;Republica Dominicana;1973;0;0
55;Romênia;1973;0;0
56;Rússia;1973;0;0
57;San Marino;1973;0;0
58;Sérvia;1973;0;0
59;Síria;1973;0;0
60;Suazilândia;1973;0;0
61;Suíça;1973;0;0
62;Tcheca, República;1973;0;0
63;Tunísia;1973;0;0
64;Turquia;1973;0;0
65;Ucrânia;1973;0;0
66;Uruguai;1973;0;1871
67;Não consta na tabela;1973;0;0
68;Não declarados;1973;0;0
69;Outros;1973;4306;4255
1;Africa do Sul;1974;0;0
2;Alemanha;1974;219173;30498
3;Argélia;1974;0;0
4;Arábia Saudita;1974;0;0
5;Argentina;1974;215930;12260
6;Armênia;1974;0;0
7;Austrália;1974;0;0
8;Áustria;1974;5301;707
9;Bermudas;1974;0;0
10;Bélgica;1974;0;0
11;Bolívia;1974;0;0
12;Bósnia-Herzegovina;1974;0;0
13;Brasil;1974;0;0
14;Bulgária;1974;0;0
15;Canada;1974;0;0
16;Chile;1974;550691;101819
17;China;1974;0;0
18;Coreia do Sul, República;1974;0;0
19;Croácia;1974;0;0
20;Cuba;1974;0;0
21;Emirados Árabes Unidos;1974;0;0
22;Eslovênia;1974;0;0
23;Eslováquia;1974;0;0
24;Espanha;1974;362577;90159
25;Estados Unidos;1974;0;0
26;França;1974;316584;78135
27;Geórgia;1974;0;0
28;Geórgia do Sul e Sandwich do Sul, Ilhas;1974;0;0
29;Grécia;1974;0;0
30;Hong Kong;1974;0;0
31;Hungria;1974;0;0
32;Indonésia;1974;0;0
33;Irlanda;1974;0;0
34;Israel;1974;0;0
35;Itália;1974;305763;32376
36;Japão;1974;0;0
37;Iugoslávia;1974;2520;326
38;Líbano;1974;0;0
39;Luxemburgo;1974;0;0
40;Macedônia;1974;0;0
41;Marrocos;1974;0;0
42;México;1974;0;0
43;Moldávia;1974;0;0
44;Montenegro;1974;0;0
45;Noruega;1974;0;0
46;Nova Zelândia;1974;0;0
47;Países Baixos (Holanda);1974;0;0
48;Panamá;1974;0;0
49;Paraguai;1974;0;0
50;Peru;1974;0;0
51;Porto Rico;1974;0;0
52;Portugal;1974;2245288;531480
53;Reino Unido;1974;0;0
54;Republica Dominicana;1974;0;0
55;Romênia;1974;0;0
56;Rússia;1974;0;0
57;San Marino;1974;0;0
58;Sérvia;1974;0;0
59;Síria;1974;0;0
60;Suazilândia;1974;0;0
61;Suíça;1974;0;0
62;Tcheca, República;1974;0;0
63;Tunísia;1974;0;0
64;Turquia;1974;0;0
65;Ucrânia;1974;0;0
66;Uruguai;1974;0;1871
67;Não consta na tabela;1974;0;0
68;Não declarados;1974;0;0
69;Outros;1974;21501;4255
1;Africa do Sul;1975;0;0
2;Alemanha;1975;134354;30498
3;Argélia;1975;0;0
4;Arábia Saudita;1975;0;0
5;Argentina;1975;145823;12260
6;Armênia;1975;0;0
7;Austrália;1975;0;0
8;Áustria;1975;8835;707
9;Bermudas;1975;0;0
10;Bélgica;1975;0;0
11;Bolívia;1975;0;0
12;Bósnia-Herzegovina;1975;0;0
13;Brasil;1975;0;0
14;Bulgária;1975;0;0
15;Canada;1975;0;0
16;Chile;1975;952233;101819
17;China;1975;0;0
18;Coreia do Sul, República;1975;0;0
19;Croácia;1975;0;0
20;Cuba;1975;0;0
21;Emirados Árabes Unidos;1975;0;0
22;Eslovênia;1975;0;0
23;Eslováquia;1975;0;0
24;Espanha;1975;174608;90159
25;Estados Unidos;1975;965;0
26;França;1975;191546;78135
27;Geórgia;1975;0;0
28;Geórgia do Sul e Sandwich do Sul, Ilhas;1975;0;0
29;Grécia;1975;0;0
30;Hong Kong;1975;0;0
31;Hungria;1975;0;0
32;Indonésia;1975;0;0
33;Irlanda;1975;0;0
34;Israel;1975;0;0
35;Itália;1975;250541;32376
36;Japão;1975;0;0
37;Iugoslávia;1975;7969;326
38;Líbano;1975;0;0
39;Luxemburgo;1975;0;0
40;Macedônia;1975;0;0
41;Marrocos;1975;0;0
42;México;1975;0;0
43;Moldávia;1975;0;0
44;Montenegro;1975;0;0
45;Noruega;1975;0;0
46;Nova Zelândia;1975;0;0
47;Países Baixos (Holanda);1975;0;0
48;Panamá;1975;0;0
49;Paraguai;1975;0;0
50;Peru;1975;0;0
51;Porto Rico;1975;0;0
52;Portugal;1975;2192004;531480
53;Reino Unido;1975;0;0
54;Republica Dominicana;1975;0;0
55;Romênia;1975;0;0
56;Rússia;1975;0;0
57;San Marino;1975;0;0
58;Sérvia;1975;0;0
59;Síria;1975;0;0
60;Suazilândia;1975;0;0
61;Suíça;1975;0;0
62;Tcheca, República;1975;0;0
63;Tunísia;1975;0;0
64;Turquia;1975;0;0
65;Ucrânia;1975;0;0
66;Uruguai;1975;0;1871
67;Não consta na tabela;1975;0;0
68;Não declarados;1975;0;0
69;Outros;1975;18132;4255
1;Africa do Sul;1976;0;0
2;Alemanha;1976;168134;30498
3;Argélia;1976;0;0
4;Arábia Saudita;1976;0;0
5;Argentina;1976;348653;12260
6;Armênia;1976;0;0
7;Austrália;1976;0;0
8;Áustria;1976;0;707
9;Bermudas;1976;0;0
10;Bélgica;1976;0;0
11;Bolívia;1976;0;0
12;Bósnia-Herzegovina;1976;0;0
13;Brasil;1976;0;0
14;Bulgária;1976;0;0
15;Canada;1976;0;0
16;Chile;1976;2175650;101819
17;China;1976;0;0
18;Coreia do Sul, República;1976;0;0
19;Croácia;1976;0;0
20;Cuba;1976;0;0
21;Emirados Árabes Unidos;1976;0;0
22;Eslovênia;1976;0;0
23;Eslováquia;1976;0;0
24;Espanha;1976;52474;90159
25;Estados Unidos;1976;1800;0
26;França;1976;284613;78135
27;Geórgia;1976;0;0
28;Geórgia do Sul e Sandwich do Sul, Ilhas;1976;0;0
29;Grécia;1976;0;0
30;Hong Kong;1976;0;0
31;Hungria;1976;0;0
32;Indonésia;1976;0;0
33;Irlanda;1976;0;0
34;Israel;1976;0;0
35;Itália;1976;304377;32376
36;Japão;1976;0;0
37;Iugoslávia;1976;2100;326
38;Líbano;1976;0;0
39;Luxemburgo;1976;0;0
40;Macedônia;1976;0;0
41;Marrocos;1976;0;0
42;México;1976;0;0
43;Moldávia;1976;0;0
44;Montenegro;1976;0;0
45;Noruega;1976;0;0
46;Nova Zelândia;1976;0;0
47;Países Baixos (Holanda);1976;0;0
48;Panamá;1976;0;0
49;Paraguai;1976;0;0
50;Peru;1976;0;0
51;Porto Rico;1976;0;0
52;Portugal;1976;2284423;531480
53;Reino Unido;1976;0;0
54;Republica Dominicana;1976;0;0
55;Romênia;1976;0;0
56;Rússia;1976;0;0
57;San Marino;1976;0;0
58;Sérvia;1976;0;0
59;Síria;1976;0;0
60;Suazilândia;1976;0;0
61;Suíça;1976;0;0
62;Tcheca, República;1976;0;0
63;Tunísia;1976;0;0
64;Turquia;1976;0;0
65;Ucrânia;1976;0;0
66;Uruguai;1976;0;1871
67;Não consta na tabela;1976;0;0
68;Não declarados;1976;0;0
69;Outros;1976;10200;4255
1;Africa do Sul;1977;0;0
2;Alemanha;1977;160926;30498
3;Argélia;1977;0;0
4;Arábia Saudita;1977;0;0
5;Argentina;1977;408399;12260
6;Armênia;1977;0;0
7;Austrália;1977;0;0
8;Áustria;1977;0;707
9;Bermudas;1977;0;0
10;Bélgica;1977;0;0
11;Bolívia;1977;0;0
12;Bósnia-Herzegovina;1977;0;0
13;Brasil;1977;0;0
14;Bulgária;1977;0;0
15;Canada;1977;0;0
16;Chile;1977;2593464;101819
17;China;1977;0;0
18;Coreia do Sul, República;1977;0;0
19;Croácia;1977;0;0
20;Cuba;1977;0;0
21;Emirados Árabes Unidos;1977;0;0
22;Eslovênia;1977;0;0
23;Eslováquia;1977;0;0
24;Espanha;1977;105667;90159
25;Estados Unidos;1977;2250;0
26;França;1977;322033;78135
27;Geórgia;1977;0;0
28;Geórgia do Sul e Sandwich do Sul, Ilhas;1977;0;0
29;Grécia;1977;0;0
30;Hong Kong;1977;0;0
31;Hungria;1977;0;0
32;Indonésia;1977;0;0
33;Irlanda;1977;0;0
34;Israel;1977;0;0
35;Itália;1977;348461;32376
36;Japão;1977;0;0
37;Iugoslávia;1977;1764;326
38;Líbano;1977;0;0
39;Luxemburgo;1977;0;0
40;Macedônia;1977;0;0
41;Marrocos;1977;0;0
42;México;1977;0;0
43;Moldávia;1977;0;0
44;Montenegro;1977;0;0
45;Noruega;1977;0;0
46;Nova Zelândia;1977;0;0
47;Países Baixos (Holanda);1977;0;0
48;Panamá;1977;0;0
49;Paraguai;1977;0;0
50;Peru;1977;0;0
51;Porto Rico;1977;0;0
52;Portugal;1977;2132582;531480
53;Reino Unido;1977;0;0
54;Republica Dominicana;1977;0;0
55;Romênia;1977;0;0
56;Rússia;1977;0;0
57;San Marino;1977;0;0
58;Sérvia;1977;0;0
59;Síria;1977;0;0
60;Suazilândia;1977;0;0
61;Suíça;1977;0;0
62;Tcheca, República;1977;0;0
63;Tunísia;1977;0;0
64;Turquia;1977;0;0
65;Ucrânia;1977;0;0
66;Uruguai;1977;24191;1871
67;Não consta na tabela;1977;0;0
68;Não declarados;1977;0;0
69;Outros;1977;450;4255
1;Africa do Sul;1978;0;0
2;Alemanha;1978;437831;30498
3;Argélia;1978;0;0
4;Arábia Saudita;1978;0;0
5;Argentina;1978;614134;12260
6;Armênia;1978;0;0
7;Austrália;1978;0;0
8;Áustria;1978;600;707
9;Bermudas;1978;0;0
10;Bélgica;1978;0;0
11;Bolívia;1978;0;0
12;Bósnia-Herzegovina;1978;0;0
13;Brasil;1978;0;0
14;Bulgária;1978;0;0
15;Canada;1978;0;0
16;Chile;1978;3742918;101819
17;China;1978;0;0
18;Coreia do Sul, República;1978;0;0
19;Croácia;1978;0;0
20;Cuba;1978;0;0
21;Emirados Árabes Unidos;1978;0;0
22;Eslovênia;1978;0;0
23;Eslováquia;1978;0;0
24;Espanha;1978;87767;90159
25;Estados Unidos;1978;58050;0
26;França;1978;355292;78135
27;Geórgia;1978;0;0
28;Geórgia do Sul e Sandwich do Sul, Ilhas;1978;0;0
29;Grécia;1978;0;0
30;Hong Kong;1978;0;0
31;Hungria;1978;0;0
32;Indonésia;1978;0;0
33;Irlanda;1978;0;0
34;Israel;1978;0;0
35;Itália;1978;250535;32376
36;Japão;1978;0;0
37;Iugoslávia;1978;1764;326
38;Líbano;1978;0;0
39;Luxemburgo;1978;0;0
40;Macedônia;1978;0;0
41;Marrocos;1978;0;0
42;México;1978;0;0
43;Moldávia;1978;0;0
44;Montenegro;1978;0;0
45;Noruega;1978;0;0
46;Nova Zelândia;1978;0;0
47;Países Baixos (Holanda);1978;0;0
48;Panamá;1978;0;0
49;Paraguai;1978;0;0
50;Peru;1978;0;0
51;Porto Rico;1978;0;0
52;Portugal;1978;2763298;531480
53;Reino Unido;1978;0;0
54;Republica Dominicana;1978;0;0
55;Romênia;1978;0;0
56;Rússia;1978;0;0
57;San Marino;1978;0;0
58;Sérvia;1978;0;0
59;Síria;1978;0;0
60;Suazilândia;1978;0;0
61;Suíça;1978;0;0
62;Tcheca, República;1978;0;0
63;Tunísia;1978;0;0
64;Turquia;1978;0;0
65;Ucrânia;1978;0;0
66;Uruguai;1978;32371;1871
67;Não consta na tabela;1978;0;0
68;Não declarados;1978;0;0
69;Outros;1978;1347;4255
1;Africa do Sul;1979;0;0
2;Alemanha;1979;433478;30498
3;Argélia;1979;0;0
4;Arábia Saudita;1979;0;0
5;Argentina;1979;646978;12260
6;Armênia;1979;0;0
7;Austrália;1979;0;0
8;Áustria;1979;4250;707
9;Bermudas;1979;0;0
10;Bélgica;1979;0;0
11;Bolívia;1979;0;0
12;Bósnia-Herzegovina;1979;0;0
13;Brasil;1979;0;0
14;Bulgária;1979;0;0
15;Canada;1979;0;0
16;Chile;1979;4235991;101819
17;China;1979;0;0
18;Coreia do Sul, República;1979;0;0
19;Croácia;1979;0;0
20;Cuba;1979;0;0
21;Emirados Árabes Unidos;1979;0;0
22;Eslovênia;1979;0;0
23;Eslováquia;1979;0;0
24;Espanha;1979;103825;90159
25;Estados Unidos;1979;32400;0
26;França;1979;458369;78135
27;Geórgia;1979;0;0
28;Geórgia do Sul e Sandwich do Sul, Ilhas;1979;0;0
29;Grécia;1979;0;0
30;Hong Kong;1979;0;0
31;Hungria;1979;0;0
32;Indonésia;1979;0;0
33;Irlanda;1979;0;0
34;Israel;1979;0;0
35;Itália;1979;407274;32376
36;Japão;1979;0;0
37;Iugoslávia;1979;2100;326
38;Líbano;1979;0;0
39;Luxemburgo;1979;0;0
40;Macedônia;1979;0;0
41;Marrocos;1979;0;0
42;México;1979;0;0
43;Moldávia;1979;0;0
44;Montenegro;1979;0;0
45;Noruega;1979;0;0
46;Nova Zelândia;1979;0;0
47;Países Baixos (Holanda);1979;0;0
48;Panamá;1979;0;0
49;Paraguai;1979;0;0
50;Peru;1979;0;0
51;Porto Rico;1979;0;0
52;Portugal;1979;2823760;531480
53;Reino Unido;1979;0;0
54;Republica Dominicana;1979;0;0
55;Romênia;1979;0;0
56;Rússia;1979;0;0
57;San Marino;1979;0;0
58;Sérvia;1979;0;0
59;Síria;1979;0;0
60;Suazilândia;1979;0;0
61;Suíça;1979;0;0
62;Tcheca, República;1979;0;0
63;Tunísia;1979;0;0
64;Turquia;1979;0;0
65;Ucrânia;1979;0;0
66;Uruguai;1979;13320;1871
67;Não consta na tabela;1979;0;0
68;Não declarados;1979;0;0
69;Outros;1979;2411;4255
1;Africa do Sul;1980;0;0
2;Alemanha;1980;457033;30498
3;Argélia;1980;0;0
4;Arábia Saudita;1980;0;0
5;Argentina;1980;298471;12260
6;Armênia;1980;0;0
7;Austrália;1980;0;0
8;Áustria;1980;2385;707
9;Bermudas;1980;0;0
10;Bélgica;1980;0;0
11;Bolívia;1980;0;0
12;Bósnia-Herzegovina;1980;0;0
13;Brasil;1980;0;0
14;Bulgária;1980;0;0
15;Canada;1980;0;0
16;Chile;1980;2568586;101819
17;China;1980;0;0
18;Coreia do Sul, República;1980;0;0
19;Croácia;1980;0;0
20;Cuba;1980;0;0
21;Emirados Árabes Unidos;1980;0;0
22;Eslovênia;1980;0;0
23;Eslováquia;1980;0;0
24;Espanha;1980;111381;90159
25;Estados Unidos;1980;32400;0
26;França;1980;248038;78135
27;Geórgia;1980;0;0
28;Geórgia do Sul e Sandwich do Sul, Ilhas;1980;0;0
29;Grécia;1980;0;0
30;Hong Kong;1980;0;0
31;Hungria;1980;0;0
32;Indonésia;1980;0;0
33;Irlanda;1980;0;0
34;Israel;1980;0;0
35;Itália;1980;217226;32376
36;Japão;1980;0;0
37;Iugoslávia;1980;0;326
38;Líbano;1980;0;0
39;Luxemburgo;1980;0;0
40;Macedônia;1980;0;0
41;Marrocos;1980;0;0
42;México;1980;0;0
43;Moldávia;1980;0;0
44;Montenegro;1980;0;0
45;Noruega;1980;0;0
46;Nova Zelândia;1980;0;0
47;Países Baixos (Holanda);1980;0;0
48;Panamá;1980;0;0
49;Paraguai;1980;0;0
50;Peru;1980;0;0
51;Porto Rico;1980;0;0
52;Portugal;1980;1601931;531480
53;Reino Unido;1980;0;0
54;Republica Dominicana;1980;0;0
55;Romênia;1980;0;0
56;Rússia;1980;0;0
57;San Marino;1980;0;0
58;Sérvia;1980;0;0
59;Síria;1980;0;0
60;Suazilândia;1980;0;0
61;Suíça;1980;0;0
62;Tcheca, República;1980;0;0
63;Tunísia;1980;0;0
64;Turquia;1980;0;0
65;Ucrânia;1980;0;0
66;Uruguai;1980;8880;1871
67;Não consta na tabela;1980;0;0
68;Não declarados;1980;0;0
69;Outros;1980;10446;4255
1;Africa do Sul;1981;0;0
2;Alemanha;1981;707194;30498
3;Argélia;1981;0;0
4;Arábia Saudita;1981;0;0
5;Argentina;1981;131738;12260
6;Armênia;1981;0;0
7;Austrália;1981;0;0
8;Áustria;1981;0;707
9;Bermudas;1981;0;0
10;Bélgica;1981;0;0
11;Bolívia;1981;0;0
12;Bósnia-Herzegovina;1981;0;0
13;Brasil;1981;0;0
14;Bulgária;1981;0;0
15;Canada;1981;0;0
16;Chile;1981;1647720;101819
17;China;1981;0;0
18;Coreia do Sul, República;1981;0;0
19;Croácia;1981;0;0
20;Cuba;1981;0;0
21;Emirados Árabes Unidos;1981;0;0
22;Eslovênia;1981;0;0
23;Eslováquia;1981;0;0
24;Espanha;1981;56316;90159
25;Estados Unidos;1981;28350;0
26;França;1981;303063;78135
27;Geórgia;1981;0;0
28;Geórgia do Sul e Sandwich do Sul, Ilhas;1981;0;0
29;Grécia;1981;0;0
30;Hong Kong;1981;0;0
31;Hungria;1981;0;0
32;Indonésia;1981;0;0
33;Irlanda;1981;0;0
34;Israel;1981;0;0
35;Itália;1981;178772;32376
36;Japão;1981;0;0
37;Iugoslávia;1981;0;326
38;Líbano;1981;0;0
39;Luxemburgo;1981;0;0
40;Macedônia;1981;0;0
41;Marrocos;1981;0;0
42;México;1981;0;0
43;Moldávia;1981;0;0
44;Montenegro;1981;0;0
45;Noruega;1981;0;0
46;Nova Zelândia;1981;0;0
47;Países Baixos (Holanda);1981;0;0
48;Panamá;1981;0;0
49;Paraguai;1981;0;0
50;Peru;1981;0;0
51;Porto Rico;1981;0;0
52;Portugal;1981;933906;531480
53;Reino Unido;1981;0;0
54;Republica Dominicana;1981;0;0
55;Romênia;1981;0;0
56;Rússia;1981;0;0
57;San Marino;1981;0;0
58;Sérvia;1981;0;0
59;Síria;1981;0;0
60;Suazilândia;1981;0;0
61;Suíça;1981;0;0
62;Tcheca, República;1981;0;0
63;Tunísia;1981;0;0
64;Turquia;1981;0;0
65;Ucrânia;1981;0;0
66;Uruguai;1981;0;1871
67;Não consta na tabela;1981;0;0
68;Não declarados;1981;0;0
69;Outros;1981;17133;4255
1;Africa do Sul;1982;0;0
2;Alemanha;1982;996948;30498
3;Argélia;1982;0;0
4;Arábia Saudita;1982;0;0
5;Argentina;1982;191972;12260
6;Armênia;1982;0;0
7;Austrália;1982;0;0
8;Áustria;1982;0;707
9;Bermudas;1982;0;0
10;Bélgica;1982;0;0
11;Bolívia;1982;0;0
12;Bósnia-Herzegovina;1982;0;0
13;Brasil;1982;0;0
14;Bulgária;1982;0;0
15;Canada;1982;0;0
16;Chile;1982;786016;101819
17;China;1982;0;0
18;Coreia do Sul, República;1982;0;0
19;Croácia;1982;0;0
20;Cuba;1982;0;0
21;Emirados Árabes Unidos;1982;0;0
22;Eslovênia;1982;0;0
23;Eslováquia;1982;0;0
24;Espanha;1982;119748;90159
25;Estados Unidos;1982;40563;0
26;França;1982;313977;78135
27;Geórgia;1982;0;0
28;Geórgia do Sul e Sandwich do Sul, Ilhas;1982;0;0
29;Grécia;1982;0;0
30;Hong Kong;1982;0;0
31;Hungria;1982;0;0
32;Indonésia;1982;0;0
33;Irlanda;1982;0;0
34;Israel;1982;0;0
35;Itália;1982;284440;32376
36;Japão;1982;0;0
37;Iugoslávia;1982;1350;326
38;Líbano;1982;0;0
39;Luxemburgo;1982;0;0
40;Macedônia;1982;0;0
41;Marrocos;1982;0;0
42;México;1982;0;0
43;Moldávia;1982;0;0
44;Montenegro;1982;0;0
45;Noruega;1982;0;0
46;Nova Zelândia;1982;0;0
47;Países Baixos (Holanda);1982;0;0
48;Panamá;1982;0;0
49;Paraguai;1982;0;0
50;Peru;1982;0;0
51;Porto Rico;1982;0;0
52;Portugal;1982;1074983;531480
53;Reino Unido;1982;0;0
54;Republica Dominicana;1982;0;0
55;Romênia;1982;0;0
56;Rússia;1982;0;0
57;San Marino;1982;0;0
58;Sérvia;1982;0;0
59;Síria;1982;0;0
60;Suazilândia;1982;0;0
61;Suíça;1982;0;0
62;Tcheca, República;1982;0;0
63;Tunísia;1982;0;0
64;Turquia;1982;0;0
65;Ucrânia;1982;0;0
66;Uruguai;1982;0;1871
67;Não consta na tabela;1982;0;0
68;Não declarados;1982;0;0
69;Outros;1982;22104;4255
1;Africa do Sul;1983;0;0
2;Alemanha;1983;850055;30498
3;Argélia;1983;0;0
4;Arábia Saudita;1983;0;0
5;Argentina;1983;132634;12260
6;Armênia;1983;0;0
7;Austrália;1983;0;0
8;Áustria;1983;8400;707
9;Bermudas;1983;0;0
10;Bélgica;1983;0;0
11;Bolívia;1983;0;0
12;Bósnia-Herzegovina;1983;0;0
13;Brasil;1983;0;0
14;Bulgária;1983;0;0
15;Canada;1983;0;0
16;Chile;1983;598657;101819
17;China;1983;0;0
18;Coreia do Sul, República;1983;0;0
19;Croácia;1983;0;0
20;Cuba;1983;0;0
21;Emirados Árabes Unidos;1983;0;0
22;Eslovênia;1983;0;0
23;Eslováquia;1983;0;0
24;Espanha;1983;65961;90159
25;Estados Unidos;1983;21654;0
26;França;1983;267008;78135
27;Geórgia;1983;0;0
28;Geórgia do Sul e Sandwich do Sul, Ilhas;1983;0;0
29;Grécia;1983;0;0
30;Hong Kong;1983;0;0
31;Hungria;1983;0;0
32;Indonésia;1983;0;0
33;Irlanda;1983;0;0
34;Israel;1983;0;0
35;Itália;1983;266333;32376
36;Japão;1983;0;0
37;Iugoslávia;1983;0;326
38;Líbano;1983;0;0
39;Luxemburgo;1983;0;0
40;Macedônia;1983;0;0
41;Marrocos;1983;0;0
42;México;1983;0;0
43;Moldávia;1983;0;0
44;Montenegro;1983;0;0
45;Noruega;1983;0;0
46;Nova Zelândia;1983;0;0
47;Países Baixos (Holanda);1983;0;0
48;Panamá;1983;0;0
49;Paraguai;1983;0;0
50;Peru;1983;0;0
51;Porto Rico;1983;0;0
52;Portugal;1983;1189656;531480
53;Reino Unido;1983;0;0
54;Republica Dominicana;1983;0;0
55;Romênia;1983;0;0
56;Rússia;1983;0;0
57;San Marino;1983;0;0
58;Sérvia;1983;0;0
59;Síria;1983;0;0
60;Suazilândia;1983;0;0
61;Suíça;1983;0;0
62;Tcheca, República;1983;0;0
63;Tunísia;1983;0;0
64;Turquia;1983;0;0
65;Ucrânia;1983;0;0
66;Uruguai;1983;0;1871
67;Não consta na tabela;1983;0;0
68;Não declarados;1983;0;0
69;Outros;1983;6738;4255
1;Africa do Sul;1984;0;0
2;Alemanha;1984;586645;30498
3;Argélia;1984;0;0
4;Arábia Saudita;1984;0;0
5;Argentina;1984;42438;12260
6;Armênia;1984;0;0
7;Austrália;1984;0;0
8;Áustria;1984;0;707
9;Bermudas;1984;0;0
10;Bélgica;1984;0;0
11;Bolívia;1984;0;0
12;Bósnia-Herzegovina;1984;0;0
13;Brasil;1984;0;0
14;Bulgária;1984;0;0
15;Canada;1984;0;0
16;Chile;1984;490217;101819
17;China;1984;0;0
18;Coreia do Sul, República;1984;0;0
19;Croácia;1984;0;0
20;Cuba;1984;0;0
21;Emirados Árabes Unidos;1984;0;0
22;Eslovênia;1984;0;0
23;Eslováquia;1984;0;0
24;Espanha;1984;7200;90159
25;Estados Unidos;1984;0;0
26;França;1984;117087;78135
27;Geórgia;1984;0;0
28;Geórgia do Sul e Sandwich do Sul, Ilhas;1984;0;0
29;Grécia;1984;0;0
30;Hong Kong;1984;0;0
31;Hungria;1984;0;0
32;Indonésia;1984;0;0
33;Irlanda;1984;0;0
34;Israel;1984;0;0
35;Itália;1984;132321;32376
36;Japão;1984;0;0
37;Iugoslávia;1984;0;326
38;Líbano;1984;0;0
39;Luxemburgo;1984;0;0
40;Macedônia;1984;0;0
41;Marrocos;1984;0;0
42;México;1984;0;0
43;Moldávia;1984;0;0
44;Montenegro;1984;0;0
45;Noruega;1984;0;0
46;Nova Zelândia;1984;0;0
47;Países Baixos (Holanda);1984;0;0
48;Panamá;1984;0;0
49;Paraguai;1984;0;0
50;Peru;1984;0;0
51;Porto Rico;1984;0;0
52;Portugal;1984;536706;531480
53;Reino Unido;1984;0;0
54;Republica Dominicana;1984;0;0
55;Romênia;1984;0;0
56;Rússia;1984;0;0
57;San Marino;1984;0;0
58;Sérvia;1984;0;0
59;Síria;1984;0;0
60;Suazilândia;1984;0;0
61;Suíça;1984;0;0
62;Tcheca, República;1984;0;0
63;Tunísia;1984;0;0
64;Turquia;1984;0;0
65;Ucrânia;1984;0;0
66;Uruguai;1984;0;1871
67;Não consta na tabela;1984;0;0
68;Não declarados;1984;0;0
69;Outros;1984;26490;4255
1;Africa do Sul;1985;0;0
2;Alemanha;1985;1069717;30498
3;Argélia;1985;0;0
4;Arábia Saudita;1985;0;0
5;Argentina;1985;114570;12260
6;Armênia;1985;0;0
7;Austrália;1985;0;0
8;Áustria;1985;11830;707
9;Bermudas;1985;0;0
10;Bélgica;1985;0;0
11;Bolívia;1985;0;0
12;Bósnia-Herzegovina;1985;0;0
13;Brasil;1985;0;0
14;Bulgária;1985;0;0
15;Canada;1985;0;0
16;Chile;1985;1114665;101819
17;China;1985;0;0
18;Coreia do Sul, República;1985;0;0
19;Croácia;1985;0;0
20;Cuba;1985;0;0
21;Emirados Árabes Unidos;1985;0;0
22;Eslovênia;1985;0;0
23;Eslováquia;1985;0;0
24;Espanha;1985;61924;90159
25;Estados Unidos;1985;11025;0
26;França;1985;540136;78135
27;Geórgia;1985;0;0
28;Geórgia do Sul e Sandwich do Sul, Ilhas;1985;0;0
29;Grécia;1985;0;0
30;Hong Kong;1985;0;0
31;Hungria;1985;0;0
32;Indonésia;1985;0;0
33;Irlanda;1985;0;0
34;Israel;1985;0;0
35;Itália;1985;327976;32376
36;Japão;1985;0;0
37;Iugoslávia;1985;14238;326
38;Líbano;1985;0;0
39;Luxemburgo;1985;0;0
40;Macedônia;1985;0;0
41;Marrocos;1985;0;0
42;México;1985;0;0
43;Moldávia;1985;0;0
44;Montenegro;1985;0;0
45;Noruega;1985;0;0
46;Nova Zelândia;1985;0;0
47;Países Baixos (Holanda);1985;0;0
48;Panamá;1985;0;0
49;Paraguai;1985;0;0
50;Peru;1985;0;0
51;Porto Rico;1985;0;0
52;Portugal;1985;1484998;531480
53;Reino Unido;1985;0;0
54;Republica Dominicana;1985;0;0
55;Romênia;1985;0;0
56;Rússia;1985;0;0
57;San Marino;1985;0;0
58;Sérvia;1985;0;0
59;Síria;1985;0;0
60;Suazilândia;1985;0;0
61;Suíça;1985;0;0
62;Tcheca, República;1985;0;0
63;Tunísia;1985;0;0
64;Turquia;1985;0;0
65;Ucrânia;1985;0;0
66;Uruguai;1985;0;1871
67;Não consta na tabela;1985;0;0
68;Não declarados;1985;0;0
69;Outros;1985;5400;4255
1;Africa do Sul;1986;0;0
2;Alemanha;1986;2357113;30498
3;Argélia;1986;0;0
4;Arábia Saudita;1986;0;0
5;Argentina;1986;170413;12260
6;Armênia;1986;0;0
7;Austrália;1986;0;0
8;Áustria;1986;1740;707
9;Bermudas;1986;0;0
10;Bélgica;1986;0;0
11;Bolívia;1986;0;0
12;Bósnia-Herzegovina;1986;0;0
13;Brasil;1986;0;0
14;Bulgária;1986;0;0
15;Canada;1986;0;0
16;Chile;1986;1347894;101819
17;China;1986;0;0
18;Coreia do Sul, República;1986;0;0
19;Croácia;1986;0;0
20;Cuba;1986;0;0
21;Emirados Árabes Unidos;1986;0;0
22;Eslovênia;1986;0;0
23;Eslováquia;1986;0;0
24;Espanha;1986;52429;90159
25;Estados Unidos;1986;5796;0
26;França;1986;625421;78135
27;Geórgia;1986;0;0
28;Geórgia do Sul e Sandwich do Sul, Ilhas;1986;0;0
29;Grécia;1986;0;0
30;Hong Kong;1986;0;0
31;Hungria;1986;0;0
32;Indonésia;1986;0;0
33;Irlanda;1986;0;0
34;Israel;1986;0;0
35;Itália;1986;430029;32376
36;Japão;1986;0;0
37;Iugoslávia;1986;0;326
38;Líbano;1986;0;0
39;Luxemburgo;1986;0;0
40;Macedônia;1986;0;0
41;Marrocos;1986;0;0
42;México;1986;0;0
43;Moldávia;1986;0;0
44;Montenegro;1986;0;0
45;Noruega;1986;0;0
46;Nova Zelândia;1986;0;0
47;Países Baixos (Holanda);1986;0;0
48;Panamá;1986;0;0
49;Paraguai;1986;0;0
50;Peru;1986;0;0
51;Porto Rico;1986;0;0
52;Portugal;1986;2270772;531480
53;Reino Unido;1986;0;0
54;Republica Dominicana;1986;0;0
55;Romênia;1986;0;0
56;Rússia;1986;0;0
57;San Marino;1986;0;0
58;Sérvia;1986;0;0
59;Síria;1986;0;0
60;Suazilândia;1986;0;0
61;Suíça;1986;0;0
62;Tcheca, República;1986;0;0
63;Tunísia;1986;0;0
64;Turquia;1986;0;0
65;Ucrânia;1986;0;0
66;Uruguai;1986;0;1871
67;Não consta na tabela;1986;0;0
68;Não declarados;1986;0;0
69;Outros;1986;15717;4255
1;Africa do Sul;1987;0;0
2;Alemanha;1987;1307519;30498
3;Argélia;1987;0;0
4;Arábia Saudita;1987;0;0
5;Argentina;1987;98854;12260
6;Armênia;1987;0;0
7;Austrália;1987;0;0
8;Áustria;1987;2520;707
9;Bermudas;1987;0;0
10;Bélgica;1987;0;0
11;Bolívia;1987;0;0
12;Bósnia-Herzegovina;1987;0;0
13;Brasil;1987;0;0
14;Bulgária;1987;0;0
15;Canada;1987;0;0
16;Chile;1987;914549;101819
17;China;1987;0;0
18;Coreia do Sul, República;1987;0;0
19;Croácia;1987;0;0
20;Cuba;1987;0;0
21;Emirados Árabes Unidos;1987;0;0
22;Eslovênia;1987;0;0
23;Eslováquia;1987;0;0
24;Espanha;1987;71472;90159
25;Estados Unidos;1987;16517;0
26;França;1987;340250;78135
27;Geórgia;1987;0;0
28;Geórgia do Sul e Sandwich do Sul, Ilhas;1987;0;0
29;Grécia;1987;0;0
30;Hong Kong;1987;0;0
31;Hungria;1987;0;0
32;Indonésia;1987;0;0
33;Irlanda;1987;0;0
34;Israel;1987;0;0
35;Itália;1987;306950;32376
36;Japão;1987;0;0
37;Iugoslávia;1987;17835;326
38;Líbano;1987;0;0
39;Luxemburgo;1987;0;0
40;Macedônia;1987;0;0
41;Marrocos;1987;0;0
42;México;1987;0;0
43;Moldávia;1987;0;0
44;Montenegro;1987;0;0
45;Noruega;1987;0;0
46;Nova Zelândia;1987;0;0
47;Países Baixos (Holanda);1987;0;0
48;Panamá;1987;0;0
49;Paraguai;1987;0;0
50;Peru;1987;0;0
51;Porto Rico;1987;0;0
52;Portugal;1987;1477093;531480
53;Reino Unido;1987;0;0
54;Republica Dominicana;1987;0;0
55;Romênia;1987;0;0
56;Rússia;1987;0;0
57;San Marino;1987;0;0
58;Sérvia;1987;0;0
59;Síria;1987;0;0
60;Suazilândia;1987;0;0
61;Suíça;1987;0;0
62;Tcheca, República;1987;0;0
63;Tunísia;1987;0;0
64;Turquia;1987;0;0
65;Ucrânia;1987;0;0
66;Uruguai;1987;0;1871
67;Não consta na tabela;1987;0;0
68;Não declarados;1987;0;0
69;Outros;1987;28;4255
1;Africa do Sul;1988;0;0
2;Alemanha;1988;2029271;30498
3;Argélia;1988;0;0
4;Arábia Saudita;1988;0;0
5;Argentina;1988;414931;12260
6;Armênia;1988;0;0
7;Austrália;1988;0;0
8;Áustria;1988;1800;707
9;Bermudas;1988;0;0
10;Bélgica;1988;0;0
11;Bolívia;1988;0;0
12;Bósnia-Herzegovina;1988;0;0
13;Brasil;1988;0;0
14;Bulgária;1988;0;0
15;Canada;1988;0;0
16;Chile;1988;1240065;101819
17;China;1988;0;0
18;Coreia do Sul, República;1988;0;0
19;Croácia;1988;0;0
20;Cuba;1988;0;0
21;Emirados Árabes Unidos;1988;0;0
22;Eslovênia;1988;0;0
23;Eslováquia;1988;0;0
24;Espanha;1988;67339;90159
25;Estados Unidos;1988;6120;0
26;França;1988;435573;78135
27;Geórgia;1988;0;0
28;Geórgia do Sul e Sandwich do Sul, Ilhas;1988;0;0
29;Grécia;1988;0;0
30;Hong Kong;1988;0;0
31;Hungria;1988;0;0
32;Indonésia;1988;0;0
33;Irlanda;1988;0;0
34;Israel;1988;0;0
35;Itália;1988;410419;32376
36;Japão;1988;0;0
37;Iugoslávia;1988;20160;326
38;Líbano;1988;0;0
39;Luxemburgo;1988;0;0
40;Macedônia;1988;0;0
41;Marrocos;1988;0;0
42;México;1988;0;0
43;Moldávia;1988;0;0
44;Montenegro;1988;0;0
45;Noruega;1988;0;0
46;Nova Zelândia;1988;0;0
47;Países Baixos (Holanda);1988;0;0
48;Panamá;1988;0;0
49;Paraguai;1988;0;0
50;Peru;1988;0;0
51;Porto Rico;1988;0;0
52;Portugal;1988;1454323;531480
53;Reino Unido;1988;0;0
54;Republica Dominicana;1988;0;0
55;Romênia;1988;0;0
56;Rússia;1988;0;0
57;San Marino;1988;0;0
58;Sérvia;1988;0;0
59;Síria;1988;0;0
60;Suazilândia;1988;0;0
61;Suíça;1988;0;0
62;Tcheca, República;1988;0;0
63;Tunísia;1988;0;0
64;Turquia;1988;0;0
65;Ucrânia;1988;0;0
66;Uruguai;1988;0;1871
67;Não consta na tabela;1988;0;0
68;Não declarados;1988;0;0
69;Outros;1988;435;4255
1;Africa do Sul;1989;0;0
2;Alemanha;1989;2885143;30498
3;Argélia;1989;0;0
4;Arábia Saudita;1989;0;0
5;Argentina;1989;716062;12260
6;Armênia;1989;0;0
7;Austrália;1989;0;0
8;Áustria;1989;0;707
9;Bermudas;1989;0;0
10;Bélgica;1989;0;0
11;Bolívia;1989;0;0
12;Bósnia-Herzegovina;1989;0;0
13;Brasil;1989;0;0
14;Bulgária;1989;0;0
15;Canada;1989;0;0
16;Chile;1989;2020687;101819
17;China;1989;0;0
18;Coreia do Sul, República;1989;0;0
19;Croácia;1989;0;0
20;Cuba;1989;0;0
21;Emirados Árabes Unidos;1989;0;0
22;Eslovênia;1989;0;0
23;Eslováquia;1989;0;0
24;Espanha;1989;54954;90159
25;Estados Unidos;1989;14400;0
26;França;1989;701300;78135
27;Geórgia;1989;0;0
28;Geórgia do Sul e Sandwich do Sul, Ilhas;1989;0;0
29;Grécia;1989;0;0
30;Hong Kong;1989;0;0
31;Hungria;1989;0;0
32;Indonésia;1989;0;0
33;Irlanda;1989;0;0
34;Israel;1989;0;0
35;Itália;1989;750290;32376
36;Japão;1989;0;0
37;Iugoslávia;1989;17100;326
38;Líbano;1989;0;0
39;Luxemburgo;1989;0;0
40;Macedônia;1989;0;0
41;Marrocos;1989;0;0
42;México;1989;0;0
43;Moldávia;1989;0;0
44;Montenegro;1989;0;0
45;Noruega;1989;0;0
46;Nova Zelândia;1989;0;0
47;Países Baixos (Holanda);1989;0;0
48;Panamá;1989;0;0
49;Paraguai;1989;0;0
50;Peru;1989;0;0
51;Porto Rico;1989;0;0
52;Portugal;1989;1690391;531480
53;Reino Unido;1989;0;0
54;Republica Dominicana;1989;0;0
55;Romênia;1989;0;0
56;Rússia;1989;0;0
57;San Marino;1989;0;0
58;Sérvia;1989;0;0
59;Síria;1989;0;0
60;Suazilândia;1989;0;0
61;Suíça;1989;0;0
62;Tcheca, República;1989;0;0
63;Tunísia;1989;0;0
64;Turquia;1989;0;0
65;Ucrânia;1989;0;0
66;Uruguai;1989;0;1871
67;Não consta na tabela;1989;0;0
68;Não declarados;1989;0;0
69;Outros;1989;10788;4255
1;Africa do Sul;1990;0;0
2;Alemanha;1990;3342223;30498
3;Argélia;1990;0;0
4;Arábia Saudita;1990;0;0
5;Argentina;1990;455774;12260
6;Armênia;1990;0;0
7;Austrália;1990;0;0
8;Áustria;1990;0;707
9;Bermudas;1990;0;0
10;Bélgica;1990;0;0
11;Bolívia;1990;0;0
12;Bósnia-Herzegovina;1990;0;0
13;Brasil;1990;0;0
14;Bulgária;1990;0;0
15;Canada;1990;0;0
16;Chile;1990;1530497;101819
17;China;1990;0;0
18;Coreia do Sul, República;1990;0;0
19;Croácia;1990;0;0
20;Cuba;1990;0;0
21;Emirados Árabes Unidos;1990;0;0
22;Eslovênia;1990;0;0
23;Eslováquia;1990;0;0
24;Espanha;1990;132157;90159
25;Estados Unidos;1990;27900;0
26;França;1990;479460;78135
27;Geórgia;1990;0;0
28;Geórgia do Sul e Sandwich do Sul, Ilhas;1990;0;0
29;Grécia;1990;0;0
30;Hong Kong;1990;0;0
31;Hungria;1990;0;0
32;Indonésia;1990;0;0
33;Irlanda;1990;0;0
34;Israel;1990;0;0
35;Itália;1990;497616;32376
36;Japão;1990;0;0
37;Iugoslávia;1990;38640;326
38;Líbano;1990;0;0
39;Luxemburgo;1990;0;0
40;Macedônia;1990;0;0
41;Marrocos;1990;0;0
42;México;1990;0;0
43;Moldávia;1990;0;0
44;Montenegro;1990;0;0
45;Noruega;1990;0;0
46;Nova Zelândia;1990;0;0
47;Países Baixos (Holanda);1990;0;0
48;Panamá;1990;0;0
49;Paraguai;1990;0;0
50;Peru;1990;0;0
51;Porto Rico;1990;0;0
52;Portugal;1990;1423882;531480
53;Reino Unido;1990;0;0
54;Republica Dominicana;1990;0;0
55;Romênia;1990;0;0
56;Rússia;1990;0;0
57;San Marino;1990;0;0
58;Sérvia;1990;0;0
59;Síria;1990;0;0
60;Suazilândia;1990;0;0
61;Suíça;1990;0;0
62;Tcheca, República;1990;0;0
63;Tunísia;1990;0;0
64;Turquia;1990;0;0
65;Ucrânia;1990;0;0
66;Uruguai;1990;0;1871
67;Não consta na tabela;1990;0;0
68;Não declarados;1990;0;0
69;Outros;1990;65835;4255
1;Africa do Sul;1991;0;0
2;Alemanha;1991;3096425;30498
3;Argélia;1991;0;0
4;Arábia Saudita;1991;0;0
5;Argentina;1991;852441;12260
6;Armênia;1991;0;0
7;Austrália;1991;0;0
8;Áustria;1991;6180;707
9;Bermudas;1991;0;0
10;Bélgica;1991;0;0
11;Bolívia;1991;0;0
12;Bósnia-Herzegovina;1991;0;0
13;Brasil;1991;0;0
14;Bulgária;1991;0;0
15;Canada;1991;0;0
16;Chile;1991;1424430;101819
17;China;1991;0;0
18;Coreia do Sul, República;1991;0;0
19;Croácia;1991;0;0
20;Cuba;1991;0;0
21;Emirados Árabes Unidos;1991;0;0
22;Eslovênia;1991;0;0
23;Eslováquia;1991;0;0
24;Espanha;1991;52892;90159
25;Estados Unidos;1991;25655;0
26;França;1991;503488;78135
27;Geórgia;1991;0;0
28;Geórgia do Sul e Sandwich do Sul, Ilhas;1991;0;0
29;Grécia;1991;0;0
30;Hong Kong;1991;0;0
31;Hungria;1991;0;0
32;Indonésia;1991;0;0
33;Irlanda;1991;0;0
34;Israel;1991;0;0
35;Itália;1991;566035;32376
36;Japão;1991;0;0
37;Iugoslávia;1991;25650;326
38;Líbano;1991;0;0
39;Luxemburgo;1991;0;0
40;Macedônia;1991;0;0
41;Marrocos;1991;0;0
42;México;1991;0;0
43;Moldávia;1991;0;0
44;Montenegro;1991;0;0
45;Noruega;1991;0;0
46;Nova Zelândia;1991;0;0
47;Países Baixos (Holanda);1991;0;0
48;Panamá;1991;0;0
49;Paraguai;1991;0;0
50;Peru;1991;0;0
51;Porto Rico;1991;0;0
52;Portugal;1991;1361858;531480
53;Reino Unido;1991;0;0
54;Republica Dominicana;1991;0;0
55;Romênia;1991;0;0
56;Rússia;1991;0;0
57;San Marino;1991;0;0
58;Sérvia;1991;0;0
59;Síria;1991;0;0
60;Suazilândia;1991;0;0
61;Suíça;1991;0;0
62;Tcheca, República;1991;0;0
63;Tunísia;1991;0;0
64;Turquia;1991;0;0
65;Ucrânia;1991;0;0
66;Uruguai;1991;0;1871
67;Não consta na tabela;1991;0;0
68;Não declarados;1991;0;0
69;Outros;1991;97662;4255
1;Africa do Sul;1992;0;0
2;Alemanha;1992;2515557;30498
3;Argélia;1992;0;0
4;Arábia Saudita;1992;0;0
5;Argentina;1992;444896;12260
6;Armênia;1992;0;0
7;Austrália;1992;0;0
8;Áustria;1992;0;707
9;Bermudas;1992;0;0
10;Bélgica;1992;20700;0
11;Bolívia;1992;0;0
12;Bósnia-Herzegovina;1992;0;0
13;Brasil;1992;0;0
14;Bulgária;1992;0;0
15;Canada;1992;0;0
16;Chile;1992;1073114;101819
17;China;1992;0;0
18;Coreia do Sul, República;1992;0;0
19;Croácia;1992;0;0
20;Cuba;1992;0;0
21;Emirados Árabes Unidos;1992;0;0
22;Eslovênia;1992;0;0
23;Eslováquia;1992;0;0
24;Espanha;1992;51921;90159
25;Estados Unidos;1992;16836;0
26;França;1992;356417;78135
27;Geórgia;1992;0;0
28;Geórgia do Sul e Sandwich do Sul, Ilhas;1992;0;0
29;Grécia;1992;0;0
30;Hong Kong;1992;0;0
31;Hungria;1992;0;0
32;Indonésia;1992;0;0
33;Irlanda;1992;0;0
34;Israel;1992;0;0
35;Itália;1992;540439;32376
36;Japão;1992;0;0
37;Iugoslávia;1992;25596;326
38;Líbano;1992;0;0
39;Luxemburgo;1992;0;0
40;Macedônia;1992;0;0
41;Marrocos;1992;0;0
42;México;1992;0;0
43;Moldávia;1992;0;0
44;Montenegro;1992;0;0
45;Noruega;1992;0;0
46;Nova Zelândia;1992;0;0
47;Países Baixos (Holanda);1992;0;0
48;Panamá;1992;0;0
49;Paraguai;1992;0;0
50;Peru;1992;0;0
51;Porto Rico;1992;0;0
52;Portugal;1992;1034446;531480
53;Reino Unido;1992;0;0
54;Republica Dominicana;1992;0;0
55;Romênia;1992;0;0
56;Rússia;1992;0;0
57;San Marino;1992;0;0
58;Sérvia;1992;0;0
59;Síria;1992;0;0
60;Suazilândia;1992;0;0
61;Suíça;1992;0;0
62;Tcheca, República;1992;0;0
63;Tunísia;1992;0;0
64;Turquia;1992;0;0
65;Ucrânia;1992;0;0
66;Uruguai;1992;11247;1871
67;Não consta na tabela;1992;0;0
68;Não declarados;1992;0;0
69;Outros;1992;24465;4255
1;Africa do Sul;1993;0;0
2;Alemanha;1993;5721360;30498
3;Argélia;1993;0;0
4;Arábia Saudita;1993;0;0
5;Argentina;1993;359542;12260
6;Armênia;1993;0;0
7;Austrália;1993;0;0
8;Áustria;1993;3580;707
9;Bermudas;1993;0;0
10;Bélgica;1993;882;0
11;Bolívia;1993;0;0
12;Bósnia-Herzegovina;1993;0;0
13;Brasil;1993;0;0
14;Bulgária;1993;0;0
15;Canada;1993;0;0
16;Chile;1993;1633996;101819
17;China;1993;0;0
18;Coreia do Sul, República;1993;0;0
19;Croácia;1993;0;0
20;Cuba;1993;0;0
21;Emirados Árabes Unidos;1993;0;0
22;Eslovênia;1993;0;0
23;Eslováquia;1993;0;0
24;Espanha;1993;48534;90159
25;Estados Unidos;1993;77914;0
26;França;1993;924323;78135
27;Geórgia;1993;0;0
28;Geórgia do Sul e Sandwich do Sul, Ilhas;1993;0;0
29;Grécia;1993;0;0
30;Hong Kong;1993;0;0
31;Hungria;1993;0;0
32;Indonésia;1993;0;0
33;Irlanda;1993;0;0
34;Israel;1993;0;0
35;Itália;1993;1333424;32376
36;Japão;1993;0;0
37;Iugoslávia;1993;8550;326
38;Líbano;1993;0;0
39;Luxemburgo;1993;0;0
40;Macedônia;1993;0;0
41;Marrocos;1993;0;0
42;México;1993;0;0
43;Moldávia;1993;0;0
44;Montenegro;1993;0;0
45;Noruega;1993;0;0
46;Nova Zelândia;1993;0;0
47;Países Baixos (Holanda);1993;0;0
48;Panamá;1993;0;0
49;Paraguai;1993;0;0
50;Peru;1993;0;0
51;Porto Rico;1993;0;0
52;Portugal;1993;1678448;531480
53;Reino Unido;1993;0;0
54;Republica Dominicana;1993;0;0
55;Romênia;1993;0;0
56;Rússia;1993;0;0
57;San Marino;1993;0;0
58;Sérvia;1993;0;0
59;Síria;1993;0;0
60;Suazilândia;1993;0;0
61;Suíça;1993;0;0
62;Tcheca, República;1993;0;0
63;Tunísia;1993;0;0
64;Turquia;1993;0;0
65;Ucrânia;1993;0;0
66;Uruguai;1993;33040;1871
67;Não consta na tabela;1993;0;0
68;Não declarados;1993;0;0
69;Outros;1993;146730;4255
1;Africa do Sul;1994;0;0
2;Alemanha;1994;11047710;30498
3;Argélia;1994;0;0
4;Arábia Saudita;1994;0;0
5;Argentina;1994;446315;12260
6;Armênia;1994;0;0
7;Austrália;1994;0;0
8;Áustria;1994;910;707
9;Bermudas;1994;0;0
10;Bélgica;1994;0;0
11;Bolívia;1994;0;0
12;Bósnia-Herzegovina;1994;0;0
13;Brasil;1994;0;0
14;Bulgária;1994;0;0
15;Canada;1994;0;0
16;Chile;1994;2347724;101819
17;China;1994;0;0
18;Coreia do Sul, República;1994;0;0
19;Croácia;1994;0;0
20;Cuba;1994;0;0
21;Emirados Árabes Unidos;1994;0;0
22;Eslovênia;1994;0;0
23;Eslováquia;1994;0;0
24;Espanha;1994;166267;90159
25;Estados Unidos;1994;93789;0
26;França;1994;1821215;78135
27;Geórgia;1994;0;0
28;Geórgia do Sul e Sandwich do Sul, Ilhas;1994;0;0
29;Grécia;1994;0;0
30;Hong Kong;1994;0;0
31;Hungria;1994;0;0
32;Indonésia;1994;0;0
33;Irlanda;1994;0;0
34;Israel;1994;0;0
35;Itália;1994;2745848;32376
36;Japão;1994;0;0
37;Iugoslávia;1994;25920;326
38;Líbano;1994;0;0
39;Luxemburgo;1994;0;0
40;Macedônia;1994;0;0
41;Marrocos;1994;0;0
42;México;1994;0;0
43;Moldávia;1994;0;0
44;Montenegro;1994;0;0
45;Noruega;1994;0;0
46;Nova Zelândia;1994;0;0
47;Países Baixos (Holanda);1994;0;0
48;Panamá;1994;0;0
49;Paraguai;1994;0;0
50;Peru;1994;0;0
51;Porto Rico;1994;0;0
52;Portugal;1994;2549247;531480
53;Reino Unido;1994;0;0
54;Republica Dominicana;1994;0;0
55;Romênia;1994;0;0
56;Rússia;1994;0;0
57;San Marino;1994;0;0
58;Sérvia;1994;0;0
59;Síria;1994;0;0
60;Suazilândia;1994;0;0
61;Suíça;1994;0;0
62;Tcheca, República;1994;0;0
63;Tunísia;1994;0;0
64;Turquia;1994;0;0
65;Ucrânia;1994;0;0
66;Uruguai;1994;35219;1871
67;Não consta na tabela;1994;0;0
68;Não declarados;1994;0;0
69;Outros;1994;174758;4255
1;Africa do Sul;1995;0;0
2;Alemanha;1995;11919346;30498
3;Argélia;1995;0;0
4;Arábia Saudita;1995;0;0
5;Argentina;1995;1397904;12260
6;Armênia;1995;0;0
7;Austrália;1995;0;0
8;Áustria;1995;1080;707
9;Bermudas;1995;0;0
10;Bélgica;1995;0;0
11;Bolívia;1995;0;0
12;Bósnia-Herzegovina;1995;0;0
13;Brasil;1995;0;0
14;Bulgária;1995;0;0
15;Canada;1995;0;0
16;Chile;1995;2622381;101819
17;China;1995;0;0
18;Coreia do Sul, República;1995;0;0
19;Croácia;1995;0;0
20;Cuba;1995;0;0
21;Emirados Árabes Unidos;1995;0;0
22;Eslovênia;1995;0;0
23;Eslováquia;1995;0;0
24;Espanha;1995;385466;90159
25;Estados Unidos;1995;142331;0
26;França;1995;2043172;78135
27;Geórgia;1995;0;0
28;Geórgia do Sul e Sandwich do Sul, Ilhas;1995;0;0
29;Grécia;1995;0;0
30;Hong Kong;1995;0;0
31;Hungria;1995;0;0
32;Indonésia;1995;0;0
33;Irlanda;1995;0;0
34;Israel;1995;0;0
35;Itália;1995;3859353;32376
36;Japão;1995;0;0
37;Iugoslávia;1995;51840;326
38;Líbano;1995;0;0
39;Luxemburgo;1995;0;0
40;Macedônia;1995;0;0
41;Marrocos;1995;0;0
42;México;1995;0;0
43;Moldávia;1995;0;0
44;Montenegro;1995;0;0
45;Noruega;1995;0;0
46;Nova Zelândia;1995;0;0
47;Países Baixos (Holanda);1995;0;0
48;Panamá;1995;0;0
49;Paraguai;1995;0;0
50;Peru;1995;0;0
51;Porto Rico;1995;0;0
52;Portugal;1995;5442249;531480
53;Reino Unido;1995;0;0
54;Republica Dominicana;1995;0;0
55;Romênia;1995;0;0
56;Rússia;1995;0;0
57;San Marino;1995;0;0
58;Sérvia;1995;0;0
59;Síria;1995;0;0
60;Suazilândia;1995;0;0
61;Suíça;1995;0;0
62;Tcheca, República;1995;0;0
63;Tunísia;1995;0;0
64;Turquia;1995;0;0
65;Ucrânia;1995;0;0
66;Uruguai;1995;33150;1871
67;Não consta na tabela;1995;0;0
68;Não declarados;1995;0;0
69;Outros;1995;200336;4255
1;Africa do Sul;1996;0;0
2;Alemanha;1996;8680860;30498
3;Argélia;1996;0;0
4;Arábia Saudita;1996;0;0
5;Argentina;1996;779008;12260
6;Armênia;1996;0;0
7;Austrália;1996;0;0
8;Áustria;1996;0;707
9;Bermudas;1996;0;0
10;Bélgica;1996;0;0
11;Bolívia;1996;0;0
12;Bósnia-Herzegovina;1996;0;0
13;Brasil;1996;0;0
14;Bulgária;1996;0;0
15;Canada;1996;0;0
16;Chile;1996;1964361;101819
17;China;1996;0;0
18;Coreia do Sul, República;1996;0;0
19;Croácia;1996;0;0
20;Cuba;1996;0;0
21;Emirados Árabes Unidos;1996;0;0
22;Eslovênia;1996;0;0
23;Eslováquia;1996;0;0
24;Espanha;1996;510076;90159
25;Estados Unidos;1996;275864;0
26;França;1996;1917908;78135
27;Geórgia;1996;0;0
28;Geórgia do Sul e Sandwich do Sul, Ilhas;1996;0;0
29;Grécia;1996;0;0
30;Hong Kong;1996;0;0
31;Hungria;1996;0;0
32;Indonésia;1996;0;0
33;Irlanda;1996;0;0
34;Israel;1996;0;0
35;Itália;1996;3771901;32376
36;Japão;1996;0;0
37;Iugoslávia;1996;0;326
38;Líbano;1996;0;0
39;Luxemburgo;1996;0;0
40;Macedônia;1996;0;0
41;Marrocos;1996;0;0
42;México;1996;0;0
43;Moldávia;1996;0;0
44;Montenegro;1996;0;0
45;Noruega;1996;0;0
46;Nova Zelândia;1996;0;0
47;Países Baixos (Holanda);1996;0;0
48;Panamá;1996;0;0
49;Paraguai;1996;0;0
50;Peru;1996;0;0
51;Porto Rico;1996;0;0
52;Portugal;1996;4438522;531480
53;Reino Unido;1996;0;0
54;Republica Dominicana;1996;0;0
55;Romênia;1996;0;0
56;Rússia;1996;0;0
57;San Marino;1996;0;0
58;Sérvia;1996;0;0
59;Síria;1996;0;0
60;Suazilândia;1996;0;0
61;Suíça;1996;0;0
62;Tcheca, República;1996;0;0
63;Tunísia;1996;0;0
64;Turquia;1996;0;0
65;Ucrânia;1996;0;0
66;Uruguai;1996;72000;1871
67;Não consta na tabela;1996;63755;0
68;Não declarados;1996;21185;0
69;Outros;1996;127039;4255
1;Africa do Sul;1997;0;0
2;Alemanha;1997;4867017;30498
3;Argélia;1997;0;0
4;Arábia Saudita;1997;0;0
5;Argentina;1997;1013306;12260
6;Armênia;1997;0;0
7;Austrália;1997;0;0
8;Áustria;1997;4404;707
9;Bermudas;1997;0;0
10;Bélgica;1997;13791;0
11;Bolívia;1997;0;0
12;Bósnia-Herzegovina;1997;0;0
13;Brasil;1997;0;0
14;Bulgária;1997;0;0
15;Canada;1997;0;0
16;Chile;1997;2951870;101819
17;China;1997;0;0
18;Coreia do Sul, República;1997;0;0
19;Croácia;1997;0;0
20;Cuba;1997;0;0
21;Emirados Árabes Unidos;1997;0;0
22;Eslovênia;1997;0;0
23;Eslováquia;1997;0;0
24;Espanha;1997;352213;90159
25;Estados Unidos;1997;511333;0
26;França;1997;3388528;78135
27;Geórgia;1997;0;0
28;Geórgia do Sul e Sandwich do Sul, Ilhas;1997;0;0
29;Grécia;1997;0;0
30;Hong Kong;1997;0;0
31;Hungria;1997;0;0
32;Indonésia;1997;0;0
33;Irlanda;1997;0;0
34;Israel;1997;0;0
35;Itália;1997;5203832;32376
36;Japão;1997;0;0
37;Iugoslávia;1997;0;326
38;Líbano;1997;0;0
39;Luxemburgo;1997;0;0
40;Macedônia;1997;0;0
41;Marrocos;1997;0;0
42;México;1997;0;0
43;Moldávia;1997;0;0
44;Montenegro;1997;0;0
45;Noruega;1997;0;0
46;Nova Zelândia;1997;0;0
47;Países Baixos (Holanda);1997;0;0
48;Panamá;1997;0;0
49;Paraguai;1997;0;0
50;Peru;1997;0;0
51;Porto Rico;1997;0;0
52;Portugal;1997;5421763;531480
53;Reino Unido;1997;0;0
54;Republica Dominicana;1997;0;0
55;Romênia;1997;0;0
56;Rússia;1997;0;0
57;San Marino;1997;0;0
58;Sérvia;1997;0;0
59;Síria;1997;0;0
60;Suazilândia;1997;0;0
61;Suíça;1997;0;0
62;Tcheca, República;1997;0;0
63;Tunísia;1997;0;0
64;Turquia;1997;0;0
65;Ucrânia;1997;0;0
66;Uruguai;1997;89117;1871
67;Não consta na tabela;1997;0;0
68;Não declarados;1997;0;0
69;Outros;1997;186470;4255
1;Africa do Sul;1998;0;0
2;Alemanha;1998;3014081;30498
3;Argélia;1998;0;0
4;Arábia Saudita;1998;0;0
5;Argentina;1998;1295190;12260
6;Armênia;1998;0;0
7;Austrália;1998;0;0
8;Áustria;1998;8926;707
9;Bermudas;1998;0;0
10;Bélgica;1998;9363;0
11;Bolívia;1998;0;0
12;Bósnia-Herzegovina;1998;0;0
13;Brasil;1998;0;0
14;Bulgária;1998;0;0
15;Canada;1998;0;0
16;Chile;1998;3203054;101819
17;China;1998;0;0
18;Coreia do Sul, República;1998;0;0
19;Croácia;1998;0;0
20;Cuba;1998;0;0
21;Emirados Árabes Unidos;1998;0;0
22;Eslovênia;1998;0;0
23;Eslováquia;1998;0;0
24;Espanha;1998;370580;90159
25;Estados Unidos;1998;381199;0
26;França;1998;3853865;78135
27;Geórgia;1998;0;0
28;Geórgia do Sul e Sandwich do Sul, Ilhas;1998;0;0
29;Grécia;1998;0;0
30;Hong Kong;1998;0;0
31;Hungria;1998;0;0
32;Indonésia;1998;0;0
33;Irlanda;1998;0;0
34;Israel;1998;0;0
35;Itália;1998;5481659;32376
36;Japão;1998;0;0
37;Iugoslávia;1998;0;326
38;Líbano;1998;0;0
39;Luxemburgo;1998;0;0
40;Macedônia;1998;0;0
41;Marrocos;1998;0;0
42;México;1998;0;0
43;Moldávia;1998;0;0
44;Montenegro;1998;0;0
45;Noruega;1998;0;0
46;Nova Zelândia;1998;0;0
47;Países Baixos (Holanda);1998;0;0
48;Panamá;1998;0;0
49;Paraguai;1998;0;0
50;Peru;1998;0;0
51;Porto Rico;1998;0;0
52;Portugal;1998;4656474;531480
53;Reino Unido;1998;0;0
54;Republica Dominicana;1998;0;0
55;Romênia;1998;0;0
56;Rússia;1998;0;0
57;San Marino;1998;0;0
58;Sérvia;1998;0;0
59;Síria;1998;0;0
60;Suazilândia;1998;0;0
61;Suíça;1998;0;0
62;Tcheca, República;1998;0;0
63;Tunísia;1998;0;0
64;Turquia;1998;0;0
65;Ucrânia;1998;0;0
66;Uruguai;1998;277989;1871
67;Não consta na tabela;1998;0;0
68;Não declarados;1998;0;0
69;Outros;1998;187919;4255
1;Africa do Sul;1999;0;0
2;Alemanha;1999;2576557;30498
3;Argélia;1999;0;0
4;Arábia Saudita;1999;0;0
5;Argentina;1999;2475780;12260
6;Armênia;1999;0;0
7;Austrália;1999;0;0
8;Áustria;1999;83930;707
9;Bermudas;1999;0;0
10;Bélgica;1999;5550;0
11;Bolívia;1999;0;0
12;Bósnia-Herzegovina;1999;0;0
13;Brasil;1999;0;0
14;Bulgária;1999;0;0
15;Canada;1999;0;0
16;Chile;1999;4312887;101819
17;China;1999;0;0
18;Coreia do Sul, República;1999;0;0
19;Croácia;1999;0;0
20;Cuba;1999;0;0
21;Emirados Árabes Unidos;1999;0;0
22;Eslovênia;1999;0;0
23;Eslováquia;1999;0;0
24;Espanha;1999;396453;90159
25;Estados Unidos;1999;674683;0
26;França;1999;3529422;78135
27;Geórgia;1999;0;0
28;Geórgia do Sul e Sandwich do Sul, Ilhas;1999;0;0
29;Grécia;1999;0;0
30;Hong Kong;1999;0;0
31;Hungria;1999;0;0
32;Indonésia;1999;0;0
33;Irlanda;1999;0;0
34;Israel;1999;0;0
35;Itália;1999;6187860;32376
36;Japão;1999;0;0
37;Iugoslávia;1999;0;326
38;Líbano;1999;0;0
39;Luxemburgo;1999;0;0
40;Macedônia;1999;0;0
41;Marrocos;1999;0;0
42;México;1999;0;0
43;Moldávia;1999;0;0
44;Montenegro;1999;0;0
45;Noruega;1999;0;0
46;Nova Zelândia;1999;0;0
47;Países Baixos (Holanda);1999;0;0
48;Panamá;1999;0;0
49;Paraguai;1999;0;0
50;Peru;1999;0;0
51;Porto Rico;1999;0;0
52;Portugal;1999;4408133;531480
53;Reino Unido;1999;0;0
54;Republica Dominicana;1999;0;0
55;Romênia;1999;0;0
56;Rússia;1999;0;0
57;San Marino;1999;0;0
58;Sérvia;1999;0;0
59;Síria;1999;0;0
60;Suazilândia;1999;0;0
61;Suíça;1999;0;0
62;Tcheca, República;1999;0;0
63;Tunísia;1999;0;0
64;Turquia;1999;0;0
65;Ucrânia;1999;0;0
66;Uruguai;1999;1712036;1871
67;Não consta na tabela;1999;0;0
68;Não declarados;1999;0;0
69;Outros;1999;49646;4255
1;Africa do Sul;2000;0;0
2;Alemanha;2000;1164724;30498
3;Argélia;2000;0;0
4;Arábia Saudita;2000;0;0
5;Argentina;2000;2724941;12260
6;Armênia;2000;0;0
7;Austrália;2000;130097;0
8;Áustria;2000;0;707
9;Bermudas;2000;0;0
10;Bélgica;2000;0;0
11;Bolívia;2000;0;0
12;Bósnia-Herzegovina;2000;0;0
13;Brasil;2000;0;0
14;Bulgária;2000;0;0
15;Canada;2000;0;0
16;Chile;2000;5559322;101819
17;China;2000;0;0
18;Coreia do Sul, República;2000;0;0
19;Croácia;2000;0;0
20;Cuba;2000;0;0
21;Emirados Árabes Unidos;2000;0;0
22;Eslovênia;2000;0;0
23;Eslováquia;2000;0;0
24;Espanha;2000;531425;90159
25;Estados Unidos;2000;426442;0
26;França;2000;3431635;78135
27;Geórgia;2000;0;0
28;Geórgia do Sul e Sandwich do Sul, Ilhas;2000;0;0
29;Grécia;2000;0;0
30;Hong Kong;2000;0;0
31;Hungria;2000;0;0
32;Indonésia;2000;0;0
33;Irlanda;2000;0;0
34;Israel;2000;0;0
35;Itália;2000;8261193;32376
36;Japão;2000;0;0
37;Iugoslávia;2000;0;326
38;Líbano;2000;0;0
39;Luxemburgo;2000;0;0
40;Macedônia;2000;0;0
41;Marrocos;2000;0;0
42;México;2000;0;0
43;Moldávia;2000;0;0
44;Montenegro;2000;0;0
45;Noruega;2000;0;0
46;Nova Zelândia;2000;0;0
47;Países Baixos (Holanda);2000;0;0
48;Panamá;2000;0;0
49;Paraguai;2000;0;0
50;Peru;2000;0;0
51;Porto Rico;2000;0;0
52;Portugal;2000;5011051;531480
53;Reino Unido;2000;0;0
54;Republica Dominicana;2000;0;0
55;Romênia;2000;0;0
56;Rússia;2000;0;0
57;San Marino;2000;0;0
58;Sérvia;2000;0;0
59;Síria;2000;0;0
60;Suazilândia;2000;0;0
61;Suíça;2000;0;0
62;Tcheca, República;2000;0;0
63;Tunísia;2000;0;0
64;Turquia;2000;0;0
65;Ucrânia;2000;0;0
66;Uruguai;2000;1961733;1871
67;Não consta na tabela;2000;0;0
68;Não declarados;2000;0;0
69;Outros;2000;73451;4255
1;Africa do Sul;2001;42661;0
2;Alemanha;2001;909077;30498
3;Argélia;2001;0;0
4;Arábia Saudita;2001;0;0
5;Argentina;2001;2585537;12260
6;Armênia;2001;0;0
7;Austrália;2001;179310;0
8;Áustria;2001;770;707
9;Bermudas;2001;0;0
10;Bélgica;2001;0;0
11;Bolívia;2001;0;0
12;Bósnia-Herzegovina;2001;0;0
13;Brasil;2001;0;0
14;Bulgária;2001;0;0
15;Canada;2001;0;0
16;Chile;2001;5160203;101819
17;China;2001;0;0
18;Coreia do Sul, República;2001;0;0
19;Croácia;2001;0;0
20;Cuba;2001;0;0
21;Emirados Árabes Unidos;2001;0;0
22;Eslovênia;2001;0;0
23;Eslováquia;2001;0;0
24;Espanha;2001;624644;90159
25;Estados Unidos;2001;374590;0
26;França;2001;3118460;78135
27;Geórgia;2001;0;0
28;Geórgia do Sul e Sandwich do Sul, Ilhas;2001;0;0
29;Grécia;2001;0;0
30;Hong Kong;2001;0;0
31;Hungria;2001;0;0
32;Indonésia;2001;0;0
33;Irlanda;2001;0;0
34;Israel;2001;0;0
35;Itália;2001;8113437;32376
36;Japão;2001;0;0
37;Iugoslávia;2001;0;326
38;Líbano;2001;0;0
39;Luxemburgo;2001;0;0
40;Macedônia;2001;0;0
41;Marrocos;2001;0;0
42;México;2001;0;0
43;Moldávia;2001;0;0
44;Montenegro;2001;0;0
45;Noruega;2001;0;0
46;Nova Zelândia;2001;0;0
47;Países Baixos (Holanda);2001;0;0
48;Panamá;2001;0;0
49;Paraguai;2001;0;0
50;Peru;2001;0;0
51;Porto Rico;2001;0;0
52;Portugal;2001;5225372;531480
53;Reino Unido;2001;0;0
54;Republica Dominicana;2001;0;0
55;Romênia;2001;0;0
56;Rússia;2001;0;0
57;San Marino;2001;0;0
58;Sérvia;2001;0;0
59;Síria;2001;0;0
60;Suazilândia;2001;0;0
61;Suíça;2001;0;0
62;Tcheca, República;2001;0;0
63;Tunísia;2001;0;0
64;Turquia;2001;0;0
65;Ucrânia;2001;0;0
66;Uruguai;2001;1668697;1871
67;Não consta na tabela;2001;0;0
68;Não declarados;2001;0;0
69;Outros;2001;47256;4255
1;Africa do Sul;2002;32194;0
2;Alemanha;2002;759712;30498
3;Argélia;2002;0;0
4;Arábia Saudita;2002;0;0
5;Argentina;2002;3867336;12260
6;Armênia;2002;0;0
7;Austrália;2002;148916;0
8;Áustria;2002;0;707
9;Bermudas;2002;0;0
10;Bélgica;2002;0;0
11;Bolívia;2002;0;0
12;Bósnia-Herzegovina;2002;0;0
13;Brasil;2002;0;0
14;Bulgária;2002;0;0
15;Canada;2002;0;0
16;Chile;2002;6200375;101819
17;China;2002;0;0
18;Coreia do Sul, República;2002;0;0
19;Croácia;2002;0;0
20;Cuba;2002;0;0
21;Emirados Árabes Unidos;2002;0;0
22;Eslovênia;2002;0;0
23;Eslováquia;2002;0;0
24;Espanha;2002;435422;90159
25;Estados Unidos;2002;139693;0
26;França;2002;2355088;78135
27;Geórgia;2002;0;0
28;Geórgia do Sul e Sandwich do Sul, Ilhas;2002;0;0
29;Grécia;2002;0;0
30;Hong Kong;2002;0;0
31;Hungria;2002;0;0
32;Indonésia;2002;0;0
33;Irlanda;2002;0;0
34;Israel;2002;0;0
35;Itália;2002;5878763;32376
36;Japão;2002;0;0
37;Iugoslávia;2002;0;326
38;Líbano;2002;0;0
39;Luxemburgo;2002;0;0
40;Macedônia;2002;0;0
41;Marrocos;2002;0;0
42;México;2002;0;0
43;Moldávia;2002;0;0
44;Montenegro;2002;0;0
45;Noruega;2002;0;0
46;Nova Zelândia;2002;0;0
47;Países Baixos (Holanda);2002;0;0
48;Panamá;2002;0;0
49;Paraguai;2002;0;0
50;Peru;2002;0;0
51;Porto Rico;2002;0;0
52;Portugal;2002;3047860;531480
53;Reino Unido;2002;0;0
54;Republica Dominicana;2002;0;0
55;Romênia;2002;0;0
56;Rússia;2002;0;0
57;San Marino;2002;0;0
58;Sérvia;2002;0;0
59;Síria;2002;0;0
60;Suazilândia;2002;0;0
61;Suíça;2002;0;0
62;Tcheca, República;2002;0;0
63;Tunísia;2002;0;0
64;Turquia;2002;0;0
65;Ucrânia;2002;0;0
66;Uruguai;2002;1247891;1871
67;Não consta na tabela;2002;0;0
68;Não declarados;2002;0;0
69;Outros;2002;64069;4255
1;Africa do Sul;2003;157239;0
2;Alemanha;2003;573198;30498
3;Argélia;2003;0;0
4;Arábia Saudita;2003;0;0
5;Argentina;2003;5720024;12260
6;Armênia;2003;0;0
7;Austrália;2003;126441;0
8;Áustria;2003;0;707
9;Bermudas;2003;0;0
10;Bélgica;2003;0;0
11;Bolívia;2003;0;0
12;Bósnia-Herzegovina;2003;0;0
13;Brasil;2003;0;0
14;Bulgária;2003;0;0
15;Canada;2003;0;0
16;Chile;2003;7955549;101819
17;China;2003;0;0
18;Coreia do Sul, República;2003;0;0
19;Croácia;2003;0;0
20;Cuba;2003;0;0
21;Emirados Árabes Unidos;2003;0;0
22;Eslovênia;2003;0;0
23;Eslováquia;2003;0;0
24;Espanha;2003;410133;90159
25;Estados Unidos;2003;173327;0
26;França;2003;1958362;78135
27;Geórgia;2003;0;0
28;Geórgia do Sul e Sandwich do Sul, Ilhas;2003;0;0
29;Grécia;2003;0;0
30;Hong Kong;2003;0;0
31;Hungria;2003;13391;0
32;Indonésia;2003;0;0
33;Irlanda;2003;0;0
34;Israel;2003;0;0
35;Itália;2003;5237027;32376
36;Japão;2003;0;0
37;Iugoslávia;2003;0;326
38;Líbano;2003;1116;0
39;Luxemburgo;2003;0;0
40;Macedônia;2003;0;0
41;Marrocos;2003;0;0
42;México;2003;0;0
43;Moldávia;2003;0;0
44;Montenegro;2003;0;0
45;Noruega;2003;0;0
46;Nova Zelândia;2003;21139;0
47;Países Baixos (Holanda);2003;0;0
48;Panamá;2003;0;0
49;Paraguai;2003;0;0
50;Peru;2003;0;0
51;Porto Rico;2003;0;0
52;Portugal;2003;3344190;531480
53;Reino Unido;2003;0;0
54;Republica Dominicana;2003;0;0
55;Romênia;2003;0;0
56;Rússia;2003;0;0
57;San Marino;2003;0;0
58;Sérvia;2003;0;0
59;Síria;2003;0;0
60;Suazilândia;2003;0;0
61;Suíça;2003;1900;0
62;Tcheca, República;2003;0;0
63;Tunísia;2003;0;0
64;Turquia;2003;0;0
65;Ucrânia;2003;0;0
66;Uruguai;2003;1096094;1871
67;Não consta na tabela;2003;0;0
68;Não declarados;2003;0;0
69;Outros;2003;0;4255
1;Africa do Sul;2004;303489;0
2;Alemanha;2004;420075;30498
3;Argélia;2004;0;0
4;Arábia Saudita;2004;0;0
5;Argentina;2004;10202602;12260
6;Armênia;2004;0;0
7;Austrália;2004;192539;0
8;Áustria;2004;1170;707
9;Bermudas;2004;0;0
10;Bélgica;2004;0;0
11;Bolívia;2004;0;0
12;Bósnia-Herzegovina;2004;0;0
13;Brasil;2004;2088;0
14;Bulgária;2004;0;0
15;Canada;2004;0;0
16;Chile;2004;11134141;101819
17;China;2004;0;0
18;Coreia do Sul, República;2004;450;0
19;Croácia;2004;0;0
20;Cuba;2004;0;0
21;Emirados Árabes Unidos;2004;0;0
22;Eslovênia;2004;0;0
23;Eslováquia;2004;0;0
24;Espanha;2004;603666;90159
25;Estados Unidos;2004;79531;0
26;França;2004;2092261;78135
27;Geórgia;2004;0;0
28;Geórgia do Sul e Sandwich do Sul, Ilhas;2004;0;0
29;Grécia;2004;0;0
30;Hong Kong;2004;0;0
31;Hungria;2004;10967;0
32;Indonésia;2004;0;0
33;Irlanda;2004;0;0
34;Israel;2004;0;0
35;Itália;2004;6190395;32376
36;Japão;2004;0;0
37;Iugoslávia;2004;0;326
38;Líbano;2004;662;0
39;Luxemburgo;2004;0;0
40;Macedônia;2004;0;0
41;Marrocos;2004;0;0
42;México;2004;0;0
43;Moldávia;2004;0;0
44;Montenegro;2004;0;0
45;Noruega;2004;0;0
46;Nova Zelândia;2004;11774;0
47;Países Baixos (Holanda);2004;0;0
48;Panamá;2004;0;0
49;Paraguai;2004;0;0
50;Peru;2004;0;0
51;Porto Rico;2004;0;0
52;Portugal;2004;4151101;531480
53;Reino Unido;2004;0;0
54;Republica Dominicana;2004;0;0
55;Romênia;2004;0;0
56;Rússia;2004;0;0
57;San Marino;2004;0;0
58;Sérvia;2004;0;0
59;Síria;2004;0;0
60;Suazilândia;2004;0;0
61;Suíça;2004;4658;0
62;Tcheca, República;2004;0;0
63;Tunísia;2004;0;0
64;Turquia;2004;0;0
65;Ucrânia;2004;0;0
66;Uruguai;2004;660522;1871
67;Não consta na tabela;2004;0;0
68;Não declarados;2004;0;0
69;Outros;2004;0;4255
1;Africa do Sul;2005;407413;0
2;Alemanha;2005;253685;30498
3;Argélia;2005;0;0
4;Arábia Saudita;2005;0;0
5;Argentina;2005;10845213;12260
6;Armênia;2005;0;0
7;Austrália;2005;324162;0
8;Áustria;2005;1688;707
9;Bermudas;2005;0;0
10;Bélgica;2005;0;0
11;Bolívia;2005;0;0
12;Bósnia-Herzegovina;2005;0;0
13;Brasil;2005;3007;0
14;Bulgária;2005;0;0
15;Canada;2005;0;0
16;Chile;2005;11647128;101819
17;China;2005;0;0
18;Coreia do Sul, República;2005;0;0
19;Croácia;2005;0;0
20;Cuba;2005;0;0
21;Emirados Árabes Unidos;2005;0;0
22;Eslovênia;2005;0;0
23;Eslováquia;2005;0;0
24;Espanha;2005;508494;90159
25;Estados Unidos;2005;53043;0
26;França;2005;1671209;78135
27;Geórgia;2005;0;0
28;Geórgia do Sul e Sandwich do Sul, Ilhas;2005;0;0
29;Grécia;2005;0;0
30;Hong Kong;2005;0;0
31;Hungria;2005;10858;0
32;Indonésia;2005;0;0
33;Irlanda;2005;0;0
34;Israel;2005;0;0
35;Itália;2005;6010760;32376
36;Japão;2005;0;0
37;Iugoslávia;2005;0;326
38;Líbano;2005;1431;0
39;Luxemburgo;2005;0;0
40;Macedônia;2005;0;0
41;Marrocos;2005;0;0
42;México;2005;0;0
43;Moldávia;2005;0;0
44;Montenegro;2005;0;0
45;Noruega;2005;0;0
46;Nova Zelândia;2005;31291;0
47;Países Baixos (Holanda);2005;0;0
48;Panamá;2005;0;0
49;Paraguai;2005;0;0
50;Peru;2005;0;0
51;Porto Rico;2005;0;0
52;Portugal;2005;5182827;531480
53;Reino Unido;2005;0;0
54;Republica Dominicana;2005;0;0
55;Romênia;2005;0;0
56;Rússia;2005;0;0
57;San Marino;2005;0;0
58;Sérvia;2005;0;0
59;Síria;2005;0;0
60;Suazilândia;2005;0;0
61;Suíça;2005;3841;0
62;Tcheca, República;2005;0;0
63;Tunísia;2005;0;0
64;Turquia;2005;0;0
65;Ucrânia;2005;0;0
66;Uruguai;2005;512973;1871
67;Não consta na tabela;2005;0;0
68;Não declarados;2005;0;0
69;Outros;2005;13970;4255
1;Africa do Sul;2006;358870;0
2;Alemanha;2006;314749;30498
3;Argélia;2006;0;0
4;Arábia Saudita;2006;0;0
5;Argentina;2006;11939727;12260
6;Armênia;2006;0;0
7;Austrália;2006;254407;0
8;Áustria;2006;1351;707
9;Bermudas;2006;0;0
10;Bélgica;2006;0;0
11;Bolívia;2006;0;0
12;Bósnia-Herzegovina;2006;0;0
13;Brasil;2006;2930;0
14;Bulgária;2006;0;0
15;Canada;2006;0;0
16;Chile;2006;15194205;101819
17;China;2006;22;0
18;Coreia do Sul, República;2006;800;0
19;Croácia;2006;0;0
20;Cuba;2006;0;0
21;Emirados Árabes Unidos;2006;0;0
22;Eslovênia;2006;0;0
23;Eslováquia;2006;0;0
24;Espanha;2006;971869;90159
25;Estados Unidos;2006;61283;0
26;França;2006;2561966;78135
27;Geórgia;2006;0;0
28;Geórgia do Sul e Sandwich do Sul, Ilhas;2006;0;0
29;Grécia;2006;670;0
30;Hong Kong;2006;0;0
31;Hungria;2006;10530;0
32;Indonésia;2006;0;0
33;Irlanda;2006;0;0
34;Israel;2006;0;0
35;Itália;2006;7983641;32376
36;Japão;2006;0;0
37;Iugoslávia;2006;0;326
38;Líbano;2006;5121;0
39;Luxemburgo;2006;0;0
40;Macedônia;2006;0;0
41;Marrocos;2006;0;0
42;México;2006;0;0
43;Moldávia;2006;0;0
44;Montenegro;2006;0;0
45;Noruega;2006;0;0
46;Nova Zelândia;2006;31825;0
47;Países Baixos (Holanda);2006;0;0
48;Panamá;2006;0;0
49;Paraguai;2006;0;0
50;Peru;2006;0;0
51;Porto Rico;2006;0;0
52;Portugal;2006;5936299;531480
53;Reino Unido;2006;14909;0
54;Republica Dominicana;2006;0;0
55;Romênia;2006;0;0
56;Rússia;2006;0;0
57;San Marino;2006;0;0
58;Sérvia;2006;0;0
59;Síria;2006;0;0
60;Suazilândia;2006;0;0
61;Suíça;2006;4222;0
62;Tcheca, República;2006;0;0
63;Tunísia;2006;0;0
64;Turquia;2006;0;0
65;Ucrânia;2006;0;0
66;Uruguai;2006;715474;1871
67;Não consta na tabela;2006;0;0
68;Não declarados;2006;0;0
69;Outros;2006;0;4255
1;Africa do Sul;2007;386425;0
2;Alemanha;2007;234006;30498
3;Argélia;2007;0;0
4;Arábia Saudita;2007;0;0
5;Argentina;2007;15621172;12260
6;Armênia;2007;0;0
7;Austrália;2007;363611;0
8;Áustria;2007;1688;707
9;Bermudas;2007;0;0
10;Bélgica;2007;0;0
11;Bolívia;2007;540;0
12;Bósnia-Herzegovina;2007;0;0
13;Brasil;2007;3513;0
14;Bulgária;2007;0;0
15;Canada;2007;0;0
16;Chile;2007;18845522;101819
17;China;2007;459;0
18;Coreia do Sul, República;2007;0;0
19;Croácia;2007;0;0
20;Cuba;2007;0;0
21;Emirados Árabes Unidos;2007;0;0
22;Eslovênia;2007;0;0
23;Eslováquia;2007;0;0
24;Espanha;2007;862045;90159
25;Estados Unidos;2007;79376;0
26;França;2007;2737947;78135
27;Geórgia;2007;0;0
28;Geórgia do Sul e Sandwich do Sul, Ilhas;2007;0;0
29;Grécia;2007;18110;0
30;Hong Kong;2007;0;0
31;Hungria;2007;14600;0
32;Indonésia;2007;0;0
33;Irlanda;2007;0;0
34;Israel;2007;13250;0
35;Itália;2007;9177932;32376
36;Japão;2007;0;0
37;Iugoslávia;2007;0;326
38;Líbano;2007;6768;0
39;Luxemburgo;2007;0;0
40;Macedônia;2007;0;0
41;Marrocos;2007;0;0
42;México;2007;0;0
43;Moldávia;2007;0;0
44;Montenegro;2007;0;0
45;Noruega;2007;0;0
46;Nova Zelândia;2007;47220;0
47;Países Baixos (Holanda);2007;0;0
48;Panamá;2007;0;0
49;Paraguai;2007;0;0
50;Peru;2007;0;0
51;Porto Rico;2007;15658;0
52;Portugal;2007;6805601;531480
53;Reino Unido;2007;7056;0
54;Republica Dominicana;2007;0;0
55;Romênia;2007;0;0
56;Rússia;2007;0;0
57;San Marino;2007;0;0
58;Sérvia;2007;0;0
59;Síria;2007;0;0
60;Suazilândia;2007;0;0
61;Suíça;2007;0;0
62;Tcheca, República;2007;0;0
63;Tunísia;2007;0;0
64;Turquia;2007;0;0
65;Ucrânia;2007;0;0
66;Uruguai;2007;2387225;1871
67;Não consta na tabela;2007;0;0
68;Não declarados;2007;0;0
69;Outros;2007;0;4255
1;Africa do Sul;2008;315380;0
2;Alemanha;2008;293935;30498
3;Argélia;2008;0;0
4;Arábia Saudita;2008;0;0
5;Argentina;2008;14417761;12260
6;Armênia;2008;0;0
7;Austrália;2008;215135;0
8;Áustria;2008;11388;707
9;Bermudas;2008;0;0
10;Bélgica;2008;0;0
11;Bolívia;2008;0;0
12;Bósnia-Herzegovina;2008;0;0
13;Brasil;2008;309;0
14;Bulgária;2008;0;0
15;Canada;2008;396;0
16;Chile;2008;18662626;101819
17;China;2008;6858;0
18;Coreia do Sul, República;2008;0;0
19;Croácia;2008;0;0
20;Cuba;2008;0;0
21;Emirados Árabes Unidos;2008;0;0
22;Eslovênia;2008;0;0
23;Eslováquia;2008;0;0
24;Espanha;2008;990697;90159
25;Estados Unidos;2008;65956;0
26;França;2008;2466277;78135
27;Geórgia;2008;0;0
28;Geórgia do Sul e Sandwich do Sul, Ilhas;2008;0;0
29;Grécia;2008;11034;0
30;Hong Kong;2008;0;0
31;Hungria;2008;15981;0
32;Indonésia;2008;0;0
33;Irlanda;2008;0;0
34;Israel;2008;8694;0
35;Itália;2008;9723292;32376
36;Japão;2008;0;0
37;Iugoslávia;2008;0;326
38;Líbano;2008;10270;0
39;Luxemburgo;2008;0;0
40;Macedônia;2008;0;0
41;Marrocos;2008;0;0
42;México;2008;0;0
43;Moldávia;2008;0;0
44;Montenegro;2008;0;0
45;Noruega;2008;0;0
46;Nova Zelândia;2008;58408;0
47;Países Baixos (Holanda);2008;0;0
48;Panamá;2008;0;0
49;Paraguai;2008;0;0
50;Peru;2008;0;0
51;Porto Rico;2008;0;0
52;Portugal;2008;6213781;531480
53;Reino Unido;2008;315;0
54;Republica Dominicana;2008;0;0
55;Romênia;2008;0;0
56;Rússia;2008;0;0
57;San Marino;2008;0;0
58;Sérvia;2008;0;0
59;Síria;2008;0;0
60;Suazilândia;2008;0;0
61;Suíça;2008;1194;0
62;Tcheca, República;2008;0;0
63;Tunísia;2008;0;0
64;Turquia;2008;0;0
65;Ucrânia;2008;0;0
66;Uruguai;2008;920389;1871
67;Não consta na tabela;2008;0;0
68;Não declarados;2008;0;0
69;Outros;2008;0;4255
1;Africa do Sul;2009;493093;0
2;Alemanha;2009;56075;30498
3;Argélia;2009;0;0
4;Arábia Saudita;2009;0;0
5;Argentina;2009;13902750;12260
6;Armênia;2009;0;0
7;Austrália;2009;270908;0
8;Áustria;2009;1895;707
9;Bermudas;2009;0;0
10;Bélgica;2009;0;0
11;Bolívia;2009;0;0
12;Bósnia-Herzegovina;2009;0;0
13;Brasil;2009;0;0
14;Bulgária;2009;0;0
15;Canada;2009;0;0
16;Chile;2009;22476643;101819
17;China;2009;0;0
18;Coreia do Sul, República;2009;0;0
19;Croácia;2009;0;0
20;Cuba;2009;0;0
21;Emirados Árabes Unidos;2009;0;0
22;Eslovênia;2009;0;0
23;Eslováquia;2009;0;0
24;Espanha;2009;1119540;90159
25;Estados Unidos;2009;85393;0
26;França;2009;2372448;78135
27;Geórgia;2009;0;0
28;Geórgia do Sul e Sandwich do Sul, Ilhas;2009;0;0
29;Grécia;2009;52474;0
30;Hong Kong;2009;0;0
31;Hungria;2009;12632;0
32;Indonésia;2009;0;0
33;Irlanda;2009;0;0
34;Israel;2009;8924;0
35;Itália;2009;8387908;32376
36;Japão;2009;0;0
37;Iugoslávia;2009;0;326
38;Líbano;2009;5310;0
39;Luxemburgo;2009;0;0
40;Macedônia;2009;0;0
41;Marrocos;2009;0;0
42;México;2009;0;0
43;Moldávia;2009;0;0
44;Montenegro;2009;0;0
45;Noruega;2009;0;0
46;Nova Zelândia;2009;30806;0
47;Países Baixos (Holanda);2009;0;0
48;Panamá;2009;0;0
49;Paraguai;2009;0;0
50;Peru;2009;0;0
51;Porto Rico;2009;0;0
52;Portugal;2009;5884719;531480
53;Reino Unido;2009;10236;0
54;Republica Dominicana;2009;0;0
55;Romênia;2009;0;0
56;Rússia;2009;0;0
57;San Marino;2009;0;0
58;Sérvia;2009;0;0
59;Síria;2009;0;0
60;Suazilândia;2009;0;0
61;Suíça;2009;4860;0
62;Tcheca, República;2009;0;0
63;Tunísia;2009;0;0
64;Turquia;2009;0;0
65;Ucrânia;2009;0;0
66;Uruguai;2009;750343;1871
67;Não consta na tabela;2009;0;0
68;Não declarados;2009;0;0
69;Outros;2009;0;4255
1;Africa do Sul;2010;966276;0
2;Alemanha;2010;192661;30498
3;Argélia;2010;0;0
4;Arábia Saudita;2010;0;0
5;Argentina;2010;16965266;12260
6;Armênia;2010;0;0
7;Austrália;2010;405271;0
8;Áustria;2010;2329;707
9;Bermudas;2010;0;0
10;Bélgica;2010;0;0
11;Bolívia;2010;0;0
12;Bósnia-Herzegovina;2010;0;0
13;Brasil;2010;7;0
14;Bulgária;2010;20997;0
15;Canada;2010;0;0
16;Chile;2010;26434744;101819
17;China;2010;0;0
18;Coreia do Sul, República;2010;0;0
19;Croácia;2010;0;0
20;Cuba;2010;0;0
21;Emirados Árabes Unidos;2010;0;0
22;Eslovênia;2010;0;0
23;Eslováquia;2010;0;0
24;Espanha;2010;1622100;90159
25;Estados Unidos;2010;194774;0
26;França;2010;2799118;78135
27;Geórgia;2010;0;0
28;Geórgia do Sul e Sandwich do Sul, Ilhas;2010;0;0
29;Grécia;2010;42449;0
30;Hong Kong;2010;0;0
31;Hungria;2010;15193;0
32;Indonésia;2010;0;0
33;Irlanda;2010;0;0
34;Israel;2010;15782;0
35;Itália;2010;11911190;32376
36;Japão;2010;0;0
37;Iugoslávia;2010;0;326
38;Líbano;2010;15741;0
39;Luxemburgo;2010;0;0
40;Macedônia;2010;0;0
41;Marrocos;2010;0;0
42;México;2010;7004;0
43;Moldávia;2010;0;0
44;Montenegro;2010;0;0
45;Noruega;2010;0;0
46;Nova Zelândia;2010;102683;0
47;Países Baixos (Holanda);2010;0;0
48;Panamá;2010;0;0
49;Paraguai;2010;0;0
50;Peru;2010;33;0
51;Porto Rico;2010;0;0
52;Portugal;2010;7801759;531480
53;Reino Unido;2010;621;0
54;Republica Dominicana;2010;0;0
55;Romênia;2010;0;0
56;Rússia;2010;0;0
57;San Marino;2010;0;0
58;Sérvia;2010;0;0
59;Síria;2010;0;0
60;Suazilândia;2010;0;0
61;Suíça;2010;2483;0
62;Tcheca, República;2010;0;0
63;Tunísia;2010;0;0
64;Turquia;2010;0;0
65;Ucrânia;2010;0;0
66;Uruguai;2010;1219387;1871
67;Não consta na tabela;2010;0;0
68;Não declarados;2010;0;0
69;Outros;2010;0;4255
1;Africa do Sul;2011;507509;0
2;Alemanha;2011;198025;30498
3;Argélia;2011;0;0
4;Arábia Saudita;2011;0;0
5;Argentina;2011;16673491;12260
6;Armênia;2011;0;0
7;Austrália;2011;824440;0
8;Áustria;2011;6357;707
9;Bermudas;2011;0;0
10;Bélgica;2011;0;0
11;Bolívia;2011;0;0
12;Bósnia-Herzegovina;2011;0;0
13;Brasil;2011;93;0
14;Bulgária;2011;1097;0
15;Canada;2011;2322;0
16;Chile;2011;26642889;101819
17;China;2011;0;0
18;Coreia do Sul, República;2011;0;0
19;Croácia;2011;450;0
20;Cuba;2011;0;0
21;Emirados Árabes Unidos;2011;0;0
22;Eslovênia;2011;3600;0
23;Eslováquia;2011;0;0
24;Espanha;2011;1999970;90159
25;Estados Unidos;2011;369806;0
26;França;2011;3329437;78135
27;Geórgia;2011;0;0
28;Geórgia do Sul e Sandwich do Sul, Ilhas;2011;0;0
29;Grécia;2011;82207;0
30;Hong Kong;2011;0;0
31;Hungria;2011;15073;0
32;Indonésia;2011;0;0
33;Irlanda;2011;0;0
34;Israel;2011;16382;0
35;Itália;2011;12025827;32376
36;Japão;2011;0;0
37;Iugoslávia;2011;0;326
38;Líbano;2011;17685;0
39;Luxemburgo;2011;0;0
40;Macedônia;2011;0;0
41;Marrocos;2011;0;0
42;México;2011;0;0
43;Moldávia;2011;0;0
44;Montenegro;2011;0;0
45;Noruega;2011;0;0
46;Nova Zelândia;2011;151194;0
47;Países Baixos (Holanda);2011;0;0
48;Panamá;2011;0;0
49;Paraguai;2011;0;0
50;Peru;2011;0;0
51;Porto Rico;2011;0;0
52;Portugal;2011;8556375;531480
53;Reino Unido;2011;270;0
54;Republica Dominicana;2011;0;0
55;Romênia;2011;0;0
56;Rússia;2011;0;0
57;San Marino;2011;0;0
58;Sérvia;2011;0;0
59;Síria;2011;0;0
60;Suazilândia;2011;0;0
61;Suíça;2011;0;0
62;Tcheca, República;2011;0;0
63;Tunísia;2011;16420;0
64;Turquia;2011;0;0
65;Ucrânia;2011;0;0
66;Uruguai;2011;1264306;1871
67;Não consta na tabela;2011;0;0
68;Não declarados;2011;0;0
69;Outros;2011;0;4255
1;Africa do Sul;2012;722327;0
2;Alemanha;2012;113243;30498
3;Argélia;2012;0;0
4;Arábia Saudita;2012;0;0
5;Argentina;2012;14613839;12260
6;Armênia;2012;0;0
7;Austrália;2012;615334;0
8;Áustria;2012;8098;707
9;Bermudas;2012;0;0
10;Bélgica;2012;0;0
11;Bolívia;2012;0;0
12;Bósnia-Herzegovina;2012;0;0
13;Brasil;2012;1051;0
14;Bulgária;2012;0;0
15;Canada;2012;0;0
16;Chile;2012;30258795;101819
17;China;2012;0;0
18;Coreia do Sul, República;2012;0;0
19;Croácia;2012;630;0
20;Cuba;2012;0;0
21;Emirados Árabes Unidos;2012;0;0
22;Eslovênia;2012;433;0
23;Eslováquia;2012;0;0
24;Espanha;2012;2540209;90159
25;Estados Unidos;2012;379329;0
26;França;2012;3181440;78135
27;Geórgia;2012;0;0
28;Geórgia do Sul e Sandwich do Sul, Ilhas;2012;0;0
29;Grécia;2012;68966;0
30;Hong Kong;2012;0;0
31;Hungria;2012;10404;0
32;Indonésia;2012;0;0
33;Irlanda;2012;0;0
34;Israel;2012;8439;0
35;Itália;2012;10506144;32376
36;Japão;2012;0;0
37;Iugoslávia;2012;0;326
38;Líbano;2012;5805;0
39;Luxemburgo;2012;0;0
40;Macedônia;2012;0;0
41;Marrocos;2012;450;0
42;México;2012;0;0
43;Moldávia;2012;0;0
44;Montenegro;2012;0;0
45;Noruega;2012;0;0
46;Nova Zelândia;2012;81611;0
47;Países Baixos (Holanda);2012;0;0
48;Panamá;2012;0;0
49;Paraguai;2012;0;0
50;Peru;2012;0;0
51;Porto Rico;2012;0;0
52;Portugal;2012;9714940;531480
53;Reino Unido;2012;406;0
54;Republica Dominicana;2012;0;0
55;Romênia;2012;33750;0
56;Rússia;2012;0;0
57;San Marino;2012;0;0
58;Sérvia;2012;0;0
59;Síria;2012;0;0
60;Suazilândia;2012;0;0
61;Suíça;2012;0;0
62;Tcheca, República;2012;0;0
63;Tunísia;2012;19913;0
64;Turquia;2012;0;0
65;Ucrânia;2012;0;0
66;Uruguai;2012;1323884;1871
67;Não consta na tabela;2012;0;0
68;Não declarados;2012;0;0
69;Outros;2012;0;4255
1;Africa do Sul;2013;475331;0
2;Alemanha;2013;114866;30498
3;Argélia;2013;0;0
4;Arábia Saudita;2013;0;0
5;Argentina;2013;12732815;12260
6;Armênia;2013;0;0
7;Austrália;2013;553190;0
8;Áustria;2013;56849;707
9;Bermudas;2013;0;0
10;Bélgica;2013;0;0
11;Bolívia;2013;0;0
12;Bósnia-Herzegovina;2013;0;0
13;Brasil;2013;473;0
14;Bulgária;2013;5947;0
15;Canada;2013;0;0
16;Chile;2013;28288212;101819
17;China;2013;0;0
18;Coreia do Sul, República;2013;0;0
19;Croácia;2013;0;0
20;Cuba;2013;0;0
21;Emirados Árabes Unidos;2013;0;0
22;Eslovênia;2013;2192;0
23;Eslováquia;2013;0;0
24;Espanha;2013;2772104;90159
25;Estados Unidos;2013;518888;0
26;França;2013;3265362;78135
27;Geórgia;2013;33750;0
28;Geórgia do Sul e Sandwich do Sul, Ilhas;2013;0;0
29;Grécia;2013;13241;0
30;Hong Kong;2013;0;0
31;Hungria;2013;10911;0
32;Indonésia;2013;0;0
33;Irlanda;2013;0;0
34;Israel;2013;24622;0
35;Itália;2013;8308831;32376
36;Japão;2013;0;0
37;Iugoslávia;2013;0;326
38;Líbano;2013;6588;0
39;Luxemburgo;2013;0;0
40;Macedônia;2013;0;0
41;Marrocos;2013;0;0
42;México;2013;0;0
43;Moldávia;2013;0;0
44;Montenegro;2013;0;0
45;Noruega;2013;0;0
46;Nova Zelândia;2013;90728;0
47;Países Baixos (Holanda);2013;0;0
48;Panamá;2013;0;0
49;Paraguai;2013;0;0
50;Peru;2013;0;0
51;Porto Rico;2013;0;0
52;Portugal;2013;9299080;531480
53;Reino Unido;2013;127;0
54;Republica Dominicana;2013;0;0
55;Romênia;2013;0;0
56;Rússia;2013;0;0
57;San Marino;2013;0;0
58;Sérvia;2013;0;0
59;Síria;2013;0;0
60;Suazilândia;2013;0;0
61;Suíça;2013;0;0
62;Tcheca, República;2013;0;0
63;Tunísia;2013;8000;0
64;Turquia;2013;0;0
65;Ucrânia;2013;0;0
66;Uruguai;2013;1372329;1871
67;Não consta na tabela;2013;0;0
68;Não declarados;2013;0;0
69;Outros;2013;0;4255
1;Africa do Sul;2014;722715;0
2;Alemanha;2014;115804;30498
3;Argélia;2014;0;0
4;Arábia Saudita;2014;0;0
5;Argentina;2014;13437321;12260
6;Armênia;2014;0;0
7;Austrália;2014;236742;0
8;Áustria;2014;2770;707
9;Bermudas;2014;0;0
10;Bélgica;2014;0;0
11;Bolívia;2014;0;0
12;Bósnia-Herzegovina;2014;0;0
13;Brasil;2014;449;0
14;Bulgária;2014;15019;0
15;Canada;2014;1530;0
16;Chile;2014;35479279;101819
17;China;2014;0;0
18;Coreia do Sul, República;2014;0;0
19;Croácia;2014;0;0
20;Cuba;2014;0;0
21;Emirados Árabes Unidos;2014;35;0
22;Eslovênia;2014;4190;0
23;Eslováquia;2014;0;0
24;Espanha;2014;2760797;90159
25;Estados Unidos;2014;788773;0
26;França;2014;3592782;78135
27;Geórgia;2014;0;0
28;Geórgia do Sul e Sandwich do Sul, Ilhas;2014;0;0
29;Grécia;2014;24244;0
30;Hong Kong;2014;0;0
31;Hungria;2014;18733;0
32;Indonésia;2014;0;0
33;Irlanda;2014;0;0
34;Israel;2014;7734;0
35;Itália;2014;8566756;32376
36;Japão;2014;0;0
37;Iugoslávia;2014;0;326
38;Líbano;2014;47610;0
39;Luxemburgo;2014;0;0
40;Macedônia;2014;252;0
41;Marrocos;2014;0;0
42;México;2014;0;0
43;Moldávia;2014;0;0
44;Montenegro;2014;0;0
45;Noruega;2014;0;0
46;Nova Zelândia;2014;106251;0
47;Países Baixos (Holanda);2014;0;0
48;Panamá;2014;0;0
49;Paraguai;2014;0;0
50;Peru;2014;3201;0
51;Porto Rico;2014;0;0
52;Portugal;2014;9735153;531480
53;Reino Unido;2014;315;0
54;Republica Dominicana;2014;0;0
55;Romênia;2014;4163;0
56;Rússia;2014;0;0
57;San Marino;2014;0;0
58;Sérvia;2014;0;0
59;Síria;2014;0;0
60;Suazilândia;2014;0;0
61;Suíça;2014;0;0
62;Tcheca, República;2014;0;0
63;Tunísia;2014;0;0
64;Turquia;2014;0;0
65;Ucrânia;2014;0;0
66;Uruguai;2014;1237537;1871
67;Não consta na tabela;2014;0;0
68;Não declarados;2014;0;0
69;Outros;2014;0;4255
1;Africa do Sul;2015;743335;0
2;Alemanha;2015;95171;30498
3;Argélia;2015;0;0
4;Arábia Saudita;2015;0;0
5;Argentina;2015;12465041;12260
6;Armênia;2015;0;0
7;Austrália;2015;395030;0
8;Áustria;2015;360;707
9;Bermudas;2015;0;0
10;Bélgica;2015;0;0
11;Bolívia;2015;0;0
12;Bósnia-Herzegovina;2015;0;0
13;Brasil;2015;1359;0
14;Bulgária;2015;17244;0
15;Canada;2015;0;0
16;Chile;2015;36686870;101819
17;China;2015;0;0
18;Coreia do Sul, República;2015;0;0
19;Croácia;2015;2069;0
20;Cuba;2015;0;0
21;Emirados Árabes Unidos;2015;529;0
22;Eslovênia;2015;4640;0
23;Eslováquia;2015;0;0
24;Espanha;2015;3024533;90159
25;Estados Unidos;2015;775131;0
26;França;2015;3617130;78135
27;Geórgia;2015;0;0
28;Geórgia do Sul e Sandwich do Sul, Ilhas;2015;0;0
29;Grécia;2015;55680;0
30;Hong Kong;2015;0;0
31;Hungria;2015;5117;0
32;Indonésia;2015;0;0
33;Irlanda;2015;0;0
34;Israel;2015;19028;0
35;Itália;2015;8261383;32376
36;Japão;2015;0;0
37;Iugoslávia;2015;0;326
38;Líbano;2015;6480;0
39;Luxemburgo;2015;0;0
40;Macedônia;2015;0;0
41;Marrocos;2015;1755;0
42;México;2015;0;0
43;Moldávia;2015;0;0
44;Montenegro;2015;0;0
45;Noruega;2015;0;0
46;Nova Zelândia;2015;117340;0
47;Países Baixos (Holanda);2015;0;0
48;Panamá;2015;0;0
49;Paraguai;2015;0;0
50;Peru;2015;0;0
51;Porto Rico;2015;0;0
52;Portugal;2015;9952290;531480
53;Reino Unido;2015;90;0
54;Republica Dominicana;2015;0;0
55;Romênia;2015;5950;0
56;Rússia;2015;0;0
57;San Marino;2015;0;0
58;Sérvia;2015;0;0
59;Síria;2015;0;0
60;Suazilândia;2015;0;0
61;Suíça;2015;1125;0
62;Tcheca, República;2015;0;0
63;Tunísia;2015;0;0
64;Turquia;2015;32247;0
65;Ucrânia;2015;0;0
66;Uruguai;2015;1399547;1871
67;Não consta na tabela;2015;0;0
68;Não declarados;2015;0;0
69;Outros;2015;0;4255
1;Africa do Sul;2016;578829;0
2;Alemanha;2016;158386;30498
3;Argélia;2016;0;0
4;Arábia Saudita;2016;0;0
5;Argentina;2016;14098009;12260
6;Armênia;2016;0;0
7;Austrália;2016;498515;0
8;Áustria;2016;1485;707
9;Bermudas;2016;0;0
10;Bélgica;2016;7;0
11;Bolívia;2016;0;0
12;Bósnia-Herzegovina;2016;0;0
13;Brasil;2016;183;0
14;Bulgária;2016;17777;0
15;Canada;2016;0;0
16;Chile;2016;43400991;101819
17;China;2016;108;0
18;Coreia do Sul, República;2016;0;0
19;Croácia;2016;0;0
20;Cuba;2016;0;0
21;Emirados Árabes Unidos;2016;2175;0
22;Eslovênia;2016;14366;0
23;Eslováquia;2016;1305;0
24;Espanha;2016;3948614;90159
25;Estados Unidos;2016;725420;0
26;França;2016;3831566;78135
27;Geórgia;2016;0;0
28;Geórgia do Sul e Sandwich do Sul, Ilhas;2016;0;0
29;Grécia;2016;6568;0
30;Hong Kong;2016;0;0
31;Hungria;2016;8315;0
32;Indonésia;2016;0;0
33;Irlanda;2016;0;0
34;Israel;2016;12548;0
35;Itália;2016;7936409;32376
36;Japão;2016;0;0
37;Iugoslávia;2016;0;326
38;Líbano;2016;10665;0
39;Luxemburgo;2016;0;0
40;Macedônia;2016;0;0
41;Marrocos;2016;0;0
42;México;2016;0;0
43;Moldávia;2016;0;0
44;Montenegro;2016;0;0
45;Noruega;2016;396;0
46;Nova Zelândia;2016;50177;0
47;Países Baixos (Holanda);2016;0;0
48;Panamá;2016;0;0
49;Paraguai;2016;0;0
50;Peru;2016;0;0
51;Porto Rico;2016;0;0
52;Portugal;2016;10821232;531480
53;Reino Unido;2016;5;0
54;Republica Dominicana;2016;0;0
55;Romênia;2016;0;0
56;Rússia;2016;0;0
57;San Marino;2016;0;0
58;Sérvia;2016;0;0
59;Síria;2016;0;0
60;Suazilândia;2016;0;0
61;Suíça;2016;6;0
62;Tcheca, República;2016;0;0
63;Tunísia;2016;0;0
64;Turquia;2016;0;0
65;Ucrânia;2016;5319;0
66;Uruguai;2016;2215692;1871
67;Não consta na tabela;2016;0;0
68;Não declarados;2016;0;0
69;Outros;2016;0;4255
1;Africa do Sul;2017;1138732;0
2;Alemanha;2017;83289;30498
3;Argélia;2017;0;0
4;Arábia Saudita;2017;0;0
5;Argentina;2017;15461740;12260
6;Armênia;2017;0;0
7;Austrália;2017;354641;0
8;Áustria;2017;2655;707
9;Bermudas;2017;0;0
10;Bélgica;2017;4376;0
11;Bolívia;2017;0;0
12;Bósnia-Herzegovina;2017;0;0
13;Brasil;2017;845617;0
14;Bulgária;2017;35284;0
15;Canada;2017;0;0
16;Chile;2017;51787643;101819
17;China;2017;1000;0
18;Coreia do Sul, República;2017;0;0
19;Croácia;2017;0;0
20;Cuba;2017;0;0
21;Emirados Árabes Unidos;2017;0;0
22;Eslovênia;2017;0;0
23;Eslováquia;2017;21424;0
24;Espanha;2017;7240535;90159
25;Estados Unidos;2017;1372347;0
26;França;2017;5921728;78135
27;Geórgia;2017;0;0
28;Geórgia do Sul e Sandwich do Sul, Ilhas;2017;0;0
29;Grécia;2017;40775;0
30;Hong Kong;2017;0;0
31;Hungria;2017;23813;0
32;Indonésia;2017;0;0
33;Irlanda;2017;0;0
34;Israel;2017;37302;0
35;Itália;2017;11538990;32376
36;Japão;2017;0;0
37;Iugoslávia;2017;0;326
38;Líbano;2017;12737;0
39;Luxemburgo;2017;0;0
40;Macedônia;2017;0;0
41;Marrocos;2017;0;0
42;México;2017;0;0
43;Moldávia;2017;0;0
44;Montenegro;2017;0;0
45;Noruega;2017;5;0
46;Nova Zelândia;2017;31379;0
47;Países Baixos (Holanda);2017;0;0
48;Panamá;2017;0;0
49;Paraguai;2017;0;0
50;Peru;2017;0;0
51;Porto Rico;2017;0;0
52;Portugal;2017;17345709;531480
53;Reino Unido;2017;16;0
54;Republica Dominicana;2017;0;0
55;Romênia;2017;18509;0
56;Rússia;2017;0;0
57;San Marino;2017;0;0
58;Sérvia;2017;0;0
59;Síria;2017;398;0
60;Suazilândia;2017;0;0
61;Suíça;2017;138;0
62;Tcheca, República;2017;0;0
63;Tunísia;2017;0;0
64;Turquia;2017;0;0
65;Ucrânia;2017;865;0
66;Uruguai;2017;5009098;1871
67;Não consta na tabela;2017;0;0
68;Não declarados;2017;0;0
69;Outros;2017;0;4255
1;Africa do Sul;2018;1127053;0
2;Alemanha;2018;142971;30498
3;Argélia;2018;0;0
4;Arábia Saudita;2018;563;0
5;Argentina;2018;15221318;12260
6;Armênia;2018;0;0
7;Austrália;2018;3518;0
8;Áustria;2018;513995;707
9;Bermudas;2018;0;0
10;Bélgica;2018;163;0
11;Bolívia;2018;0;0
12;Bósnia-Herzegovina;2018;0;0
13;Brasil;2018;18040;0
14;Bulgária;2018;16166;0
15;Canada;2018;301;0
16;Chile;2018;51104825;101819
17;China;2018;5;0
18;Coreia do Sul, República;2018;0;0
19;Croácia;2018;0;0
20;Cuba;2018;0;0
21;Emirados Árabes Unidos;2018;0;0
22;Eslovênia;2018;20976;0
23;Eslováquia;2018;10800;0
24;Espanha;2018;5595268;90159
25;Estados Unidos;2018;548655;0
26;França;2018;4653789;78135
27;Geórgia;2018;8164;0
28;Geórgia do Sul e Sandwich do Sul, Ilhas;2018;0;0
29;Grécia;2018;41601;0
30;Hong Kong;2018;0;0
31;Hungria;2018;23742;0
32;Indonésia;2018;36;0
33;Irlanda;2018;107;0
34;Israel;2018;40354;0
35;Itália;2018;10154564;32376
36;Japão;2018;0;0
37;Iugoslávia;2018;0;326
38;Líbano;2018;19742;0
39;Luxemburgo;2018;5;0
40;Macedônia;2018;0;0
41;Marrocos;2018;0;0
42;México;2018;134;0
43;Moldávia;2018;0;0
44;Montenegro;2018;0;0
45;Noruega;2018;0;0
46;Nova Zelândia;2018;130854;0
47;Países Baixos (Holanda);2018;283;0
48;Panamá;2018;0;0
49;Paraguai;2018;0;0
50;Peru;2018;77;0
51;Porto Rico;2018;47;0
52;Portugal;2018;17698831;531480
53;Reino Unido;2018;4126;0
54;Republica Dominicana;2018;2;0
55;Romênia;2018;13719;0
56;Rússia;2018;17483;0
57;San Marino;2018;0;0
58;Sérvia;2018;0;0
59;Síria;2018;0;0
60;Suazilândia;2018;0;0
61;Suíça;2018;559;0
62;Tcheca, República;2018;0;0
63;Tunísia;2018;0;0
64;Turquia;2018;1591;0
65;Ucrânia;2018;0;0
66;Uruguai;2018;2836574;1871
67;Não consta na tabela;2018;0;0
68;Não declarados;2018;0;0
69;Outros;2018;0;4255
1;Africa do Sul;2019;1092042;0
2;Alemanha;2019;101055;30498
3;Argélia;2019;0;0
4;Arábia Saudita;2019;0;0
5;Argentina;2019;16548931;12260
6;Armênia;2019;0;0
7;Austrália;2019;16292;0
8;Áustria;2019;348289;707
9;Bermudas;2019;0;0
10;Bélgica;2019;7;0
11;Bolívia;2019;0;0
12;Bósnia-Herzegovina;2019;0;0
13;Brasil;2019;29295;0
14;Bulgária;2019;10944;0
15;Canada;2019;0;0
16;Chile;2019;52697108;101819
17;China;2019;317;0
18;Coreia do Sul, República;2019;0;0
19;Croácia;2019;450;0
20;Cuba;2019;0;0
21;Emirados Árabes Unidos;2019;0;0
22;Eslovênia;2019;30968;0
23;Eslováquia;2019;459;0
24;Espanha;2019;5797980;90159
25;Estados Unidos;2019;534870;0
26;França;2019;5324383;78135
27;Geórgia;2019;21748;0
28;Geórgia do Sul e Sandwich do Sul, Ilhas;2019;0;0
29;Grécia;2019;21251;0
30;Hong Kong;2019;0;0
31;Hungria;2019;34591;0
32;Indonésia;2019;258;0
33;Irlanda;2019;179;0
34;Israel;2019;52237;0
35;Itália;2019;10323254;32376
36;Japão;2019;153;0
37;Iugoslávia;2019;0;326
38;Líbano;2019;21836;0
39;Luxemburgo;2019;0;0
40;Macedônia;2019;1323;0
41;Marrocos;2019;2250;0
42;México;2019;646;0
43;Moldávia;2019;0;0
44;Montenegro;2019;1701;0
45;Noruega;2019;0;0
46;Nova Zelândia;2019;133179;0
47;Países Baixos (Holanda);2019;634;0
48;Panamá;2019;17;0
49;Paraguai;2019;0;0
50;Peru;2019;0;0
51;Porto Rico;2019;21;0
52;Portugal;2019;18228699;531480
53;Reino Unido;2019;4819;0
54;Republica Dominicana;2019;0;0
55;Romênia;2019;5196;0
56;Rússia;2019;0;0
57;San Marino;2019;0;0
58;Sérvia;2019;0;0
59;Síria;2019;641;0
60;Suazilândia;2019;0;0
61;Suíça;2019;4510;0
62;Tcheca, República;2019;0;0
63;Tunísia;2019;0;0
64;Turquia;2019;0;0
65;Ucrânia;2019;4646;0
66;Uruguai;2019;2778244;1871
67;Não consta na tabela;2019;0;0
68;Não declarados;2019;0;0
69;Outros;2019;0;4255
1;Africa do Sul;2020;627150;0
2;Alemanha;2020;136992;30498
3;Argélia;2020;0;0
4;Arábia Saudita;2020;0;0
5;Argentina;2020;22610267;12260
6;Armênia;2020;0;0
7;Austrália;2020;212595;0
8;Áustria;2020;6540;707
9;Bermudas;2020;0;0
10;Bélgica;2020;0;0
11;Bolívia;2020;0;0
12;Bósnia-Herzegovina;2020;1218;0
13;Brasil;2020;4347;0
14;Bulgária;2020;23110;0
15;Canada;2020;0;0
16;Chile;2020;72726186;101819
17;China;2020;0;0
18;Coreia do Sul, República;2020;0;0
19;Croácia;2020;0;0
20;Cuba;2020;0;0
21;Emirados Árabes Unidos;2020;0;0
22;Eslovênia;2020;11392;0
23;Eslováquia;2020;0;0
24;Espanha;2020;7169384;90159
25;Estados Unidos;2020;366584;0
26;França;2020;5658139;78135
27;Geórgia;2020;20274;0
28;Geórgia do Sul e Sandwich do Sul, Ilhas;2020;0;0
29;Grécia;2020;61181;0
30;Hong Kong;2020;311;0
31;Hungria;2020;5254;0
32;Indonésia;2020;0;0
33;Irlanda;2020;0;0
34;Israel;2020;38239;0
35;Itália;2020;9659999;32376
36;Japão;2020;0;0
37;Iugoslávia;2020;0;326
38;Líbano;2020;12384;0
39;Luxemburgo;2020;0;0
40;Macedônia;2020;0;0
41;Marrocos;2020;2160;0
42;México;2020;33;0
43;Moldávia;2020;5832;0
44;Montenegro;2020;0;0
45;Noruega;2020;0;0
46;Nova Zelândia;2020;15372;0
47;Países Baixos (Holanda);2020;2285;0
48;Panamá;2020;0;0
49;Paraguai;2020;0;0
50;Peru;2020;0;0
51;Porto Rico;2020;54;0
52;Portugal;2020;23627260;531480
53;Reino Unido;2020;2586;0
54;Republica Dominicana;2020;0;0
55;Romênia;2020;30635;0
56;Rússia;2020;0;0
57;San Marino;2020;0;0
58;Sérvia;2020;0;0
59;Síria;2020;0;0
60;Suazilândia;2020;0;0
61;Suíça;2020;735;0
62;Tcheca, República;2020;0;0
63;Tunísia;2020;0;0
64;Turquia;2020;17563;0
65;Ucrânia;2020;0;0
66;Uruguai;2020;4079076;1871
67;Não consta na tabela;2020;0;0
68;Não declarados;2020;0;0
69;Outros;2020;0;4255
1;Africa do Sul;2021;859169;0
2;Alemanha;2021;106541;30498
3;Argélia;2021;0;0
4;Arábia Saudita;2021;2510;0
5;Argentina;2021;26869241;12260
6;Armênia;2021;0;0
7;Austrália;2021;366875;0
8;Áustria;2021;13427;707
9;Bermudas;2021;10;0
10;Bélgica;2021;0;0
11;Bolívia;2021;0;0
12;Bósnia-Herzegovina;2021;0;0
13;Brasil;2021;12602;0
14;Bulgária;2021;34185;0
15;Canada;2021;0;0
16;Chile;2021;69617587;101819
17;China;2021;0;0
18;Coreia do Sul, República;2021;0;0
19;Croácia;2021;17343;0
20;Cuba;2021;0;0
21;Emirados Árabes Unidos;2021;0;0
22;Eslovênia;2021;42944;0
23;Eslováquia;2021;0;0
24;Espanha;2021;8793911;90159
25;Estados Unidos;2021;506405;0
26;França;2021;6241310;78135
27;Geórgia;2021;19188;0
28;Geórgia do Sul e Sandwich do Sul, Ilhas;2021;1838;0
29;Grécia;2021;13619;0
30;Hong Kong;2021;0;0
31;Hungria;2021;20174;0
32;Indonésia;2021;0;0
33;Irlanda;2021;0;0
34;Israel;2021;60281;0
35;Itália;2021;11231625;32376
36;Japão;2021;0;0
37;Iugoslávia;2021;0;326
38;Líbano;2021;24194;0
39;Luxemburgo;2021;0;0
40;Macedônia;2021;0;0
41;Marrocos;2021;986;0
42;México;2021;4;0
43;Moldávia;2021;25998;0
44;Montenegro;2021;0;0
45;Noruega;2021;0;0
46;Nova Zelândia;2021;21995;0
47;Países Baixos (Holanda);2021;0;0
48;Panamá;2021;0;0
49;Paraguai;2021;0;0
50;Peru;2021;0;0
51;Porto Rico;2021;0;0
52;Portugal;2021;25925363;531480
53;Reino Unido;2021;1164;0
54;Republica Dominicana;2021;0;0
55;Romênia;2021;33770;0
56;Rússia;2021;32179;0
57;San Marino;2021;1095;0
58;Sérvia;2021;3471;0
59;Síria;2021;484;0
60;Suazilândia;2021;0;0
61;Suíça;2021;7;0
62;Tcheca, República;2021;225;0
63;Tunísia;2021;0;0
64;Turquia;2021;0;0
65;Ucrânia;2021;0;0
66;Uruguai;2021;3788831;1871
67;Não consta na tabela;2021;0;0
68;Não declarados;2021;0;0
69;Outros;2021;0;4255
1;Africa do Sul;2022;738116;0
2;Alemanha;2022;92600;30498
3;Argélia;2022;0;0
4;Arábia Saudita;2022;0;0
5;Argentina;2022;27980574;12260
6;Armênia;2022;2385;0
7;Austrália;2022;579279;0
8;Áustria;2022;7403;707
9;Bermudas;2022;1;0
10;Bélgica;2022;0;0
11;Bolívia;2022;0;0
12;Bósnia-Herzegovina;2022;0;0
13;Brasil;2022;1;0
14;Bulgária;2022;29929;0
15;Canada;2022;884;0
16;Chile;2022;68881232;101819
17;China;2022;0;0
18;Coreia do Sul, República;2022;0;0
19;Croácia;2022;887;0
20;Cuba;2022;0;0
21;Emirados Árabes Unidos;2022;0;0
22;Eslovênia;2022;31509;0
23;Eslováquia;2022;0;0
24;Espanha;2022;6487047;90159
25;Estados Unidos;2022;393211;0
26;França;2022;4911903;78135
27;Geórgia;2022;12506;0
28;Geórgia do Sul e Sandwich do Sul, Ilhas;2022;1788;0
29;Grécia;2022;45440;0
30;Hong Kong;2022;0;0
31;Hungria;2022;29260;0
32;Indonésia;2022;0;0
33;Irlanda;2022;0;0
34;Israel;2022;19589;0
35;Itália;2022;9622119;32376
36;Japão;2022;0;0
37;Iugoslávia;2022;0;326
38;Líbano;2022;30149;0
39;Luxemburgo;2022;0;0
40;Macedônia;2022;0;0
41;Marrocos;2022;13932;0
42;México;2022;0;0
43;Moldávia;2022;38336;0
44;Montenegro;2022;0;0
45;Noruega;2022;0;0
46;Nova Zelândia;2022;52265;0
47;Países Baixos (Holanda);2022;0;0
48;Panamá;2022;0;0
49;Paraguai;2022;0;0
50;Peru;2022;17861;0
51;Porto Rico;2022;0;0
52;Portugal;2022;24108787;531480
53;Reino Unido;2022;1655;0
54;Republica Dominicana;2022;0;0
55;Romênia;2022;47715;0
56;Rússia;2022;0;0
57;San Marino;2022;0;0
58;Sérvia;2022;0;0
59;Síria;2022;1094;0
60;Suazilândia;2022;0;0
61;Suíça;2022;0;0
62;Tcheca, República;2022;4950;0
63;Tunísia;2022;0;0
64;Turquia;2022;22087;0
65;Ucrânia;2022;0;0
66;Uruguai;2022;3394161;1871
67;Não consta na tabela;2022;0;0
68;Não declarados;2022;0;0
69;Outros;2022;0;4255
1;Africa do Sul;2023;522733;0
2;Alemanha;2023;102456;30498
3;Argélia;2023;0;0
4;Arábia Saudita;2023;8;0
5;Argentina;2023;25276991;12260
6;Armênia;2023;3542;0
7;Austrália;2023;432829;0
8;Áustria;2023;16832;707
9;Bermudas;2023;6;0
10;Bélgica;2023;0;0
11;Bolívia;2023;1170;0
12;Bósnia-Herzegovina;2023;0;0
13;Brasil;2023;6229;0
14;Bulgária;2023;40281;0
15;Canada;2023;14;0
16;Chile;2023;62358765;101819
17;China;2023;0;0
18;Coreia do Sul, República;2023;0;0
19;Croácia;2023;1107;0
20;Cuba;2023;8;0
21;Emirados Árabes Unidos;2023;0;0
22;Eslovênia;2023;28806;0
23;Eslováquia;2023;0;0
24;Espanha;2023;6591628;90159
25;Estados Unidos;2023;244276;0
26;França;2023;4899631;78135
27;Geórgia;2023;17173;0
28;Geórgia do Sul e Sandwich do Sul, Ilhas;2023;0;0
29;Grécia;2023;45889;0
30;Hong Kong;2023;0;0
31;Hungria;2023;41905;0
32;Indonésia;2023;0;0
33;Irlanda;2023;0;0
34;Israel;2023;48772;0
35;Itália;2023;8868133;32376
36;Japão;2023;86;0
37;Iugoslávia;2023;0;326
38;Líbano;2023;14328;0
39;Luxemburgo;2023;0;0
40;Macedônia;2023;8522;0
41;Marrocos;2023;603;0
42;México;2023;0;0
43;Moldávia;2023;51189;0
44;Montenegro;2023;0;0
45;Noruega;2023;0;0
46;Nova Zelândia;2023;28665;0
47;Países Baixos (Holanda);2023;9;0
48;Panamá;2023;0;0
49;Paraguai;2023;0;0
50;Peru;2023;12276;0
51;Porto Rico;2023;2021;0
52;Portugal;2023;25099409;531480
53;Reino Unido;2023;1808;0
54;Republica Dominicana;2023;0;0
55;Romênia;2023;36775;0
56;Rússia;2023;0;0
57;San Marino;2023;0;0
58;Sérvia;2023;0;0
59;Síria;2023;0;0
60;Suazilândia;2023;320;0
61;Suíça;2023;2109;0
62;Tcheca, República;2023;0;0
63;Tunísia;2023;0;0
64;Turquia;2023;0;0
65;Ucrânia;2023;0;0
66;Uruguai;2023;2905567;1871
67;Não consta na tabela;2023;0;0
68;Não declarados;2023;0;0
69;Outros;2023;0;4255
1;Africa do Sul;2024;658238;0
2;Alemanha;2024;121002;30498
3;Argélia;2024;0;0
4;Arábia Saudita;2024;0;0
5;Argentina;2024;26272478;12260
6;Armênia;2024;0;0
7;Austrália;2024;422720;0
8;Áustria;2024;17796;707
9;Bermudas;2024;0;0
10;Bélgica;2024;0;0
11;Bolívia;2024;0;0
12;Bósnia-Herzegovina;2024;4883;0
13;Brasil;2024;71637;0
14;Bulgária;2024;25718;0
15;Canada;2024;203;0
16;Chile;2024;73111416;101819
17;China;2024;0;0
18;Coreia do Sul, República;2024;0;0
19;Croácia;2024;0;0
20;Cuba;2024;0;0
21;Emirados Árabes Unidos;2024;0;0
22;Eslovênia;2024;17671;0
23;Eslováquia;2024;0;0
24;Espanha;2024;6828739;90159
25;Estados Unidos;2024;273198;0
26;França;2024;4700023;78135
27;Geórgia;2024;9998;0
28;Geórgia do Sul e Sandwich do Sul, Ilhas;2024;2937;0
29;Grécia;2024;41071;0
30;Hong Kong;2024;0;0
31;Hungria;2024;27820;0
32;Indonésia;2024;0;0
33;Irlanda;2024;0;0
34;Israel;2024;37533;0
35;Itália;2024;9861350;32376
36;Japão;2024;411;0
37;Iugoslávia;2024;0;326
38;Líbano;2024;8730;0
39;Luxemburgo;2024;6;0
40;Macedônia;2024;0;0
41;Marrocos;2024;0;0
42;México;2024;0;0
43;Moldávia;2024;58609;0
44;Montenegro;2024;0;0
45;Noruega;2024;0;0
46;Nova Zelândia;2024;39629;0
47;Países Baixos (Holanda);2024;810;0
48;Panamá;2024;0;0
49;Paraguai;2024;1;0
50;Peru;2024;0;0
51;Porto Rico;2024;0;0
52;Portugal;2024;27460645;531480
53;Reino Unido;2024;680;0
54;Republica Dominicana;2024;0;0
55;Romênia;2024;24660;0
56;Rússia;2024;0;0
57;San Marino;2024;0;0
58;Sérvia;2024;2445;0
59;Síria;2024;0;0
60;Suazilândia;2024;0;0
61;Suíça;2024;541;0
62;Tcheca, República;2024;0;0
63;Tunísia;2024;0;0
64;Turquia;2024;3203;0
65;Ucrânia;2024;0;0
66;Uruguai;2024;3015429;1871
67;Não consta na tabela;2024;0;0
68;Não declarados;2024;0;0
69;Outros;2024;0;4255
